video_id,target_day30_views
7400582591771938090,269.15860279720283
7403167206978374958,389.94059982794994
7435124823820356906,2697.3405189033188
7409800970143714606,309.44880687923205
7410935177553333550,263.1238903263401
7432809888033656095,2011.5548137529145
7405432909278022955,56489.2503352148
7384996099955756331,320.98382251082273
7421705386400517406,277134.7290483349
7414296612047965470,677.7086124819629
7405005636637084974,2576.259536724388
7395033235912265002,118.43792848262842
7406526842401754398,266.31602160062147
7402767039548362027,2355.004610642137
7387202628826008874,342.71686554001553
7435131105532988718,10485.787049350649
7396537190651677983,830.564323581974
7415091981367479595,296.07495744810734
7412051047176359211,29466.040555555574
7402406665280048415,759.0695392496389
7405803040613141803,8283.364492224446
7407214747952663850,65.86274372294376
7422061083000589614,445.7526368020869
7409483348420365614,638.5514892440885
7399134846527868190,4235.283539654792
7398308009585200427,1603.7455664502172
7387968848881880366,2411.355970604396
7392787323831864619,740.8564641580632
7425026165921844523,806.5007736041732
7392370893202279723,191.55508058608055
7426170246320426286,20992.34478923299
7418401395553864967,2024.7440741258756
7385679521246121223,291.0901502636254
7395342453454458158,8741.117676665
7433936792929209642,2423.2872637463825
7418353610259500334,788.0751366300366
7386109379944271146,1415.3276624819623
7428787675060194606,1462.3115220057725
7407207575680208174,2169.0175324123593
7393145639640501535,506.58618205683194
7425088749089885471,479.67668340548363
7435474047145659678,4188.967059201911
7402046304215371051,355.9228529026529
7434382150364826910,3930.650426162729
7426899228078722334,300.6838944444442
7423959756324310314,1808.7169322843822
7399096884222102826,218755.03327925384
7401682493629271342,624.3678791153292
7418739347882560811,68242.4582795649
7400612253604613422,183.82417622932616
7410551298208320814,352.70842302142313
7422834143098096927,4212.397358802308
7420976675564834079,303.0583168831166
7426577071427767598,88.90991230991233
7410943285612563755,2176.982265029414
7416901150449929502,551.7442551171051
7428366024162004255,5488.613618041024
7418358321180134687,473.19718597513605
7390964003364670750,689.3624882395388
7387204071054200106,39878.33981738263
7386453463162572062,34022.189581912535
7435057046040431915,10959.810606854255
7411363294361013546,505.2417069652571
7406460963798437166,391.40266940836966
7394633431608528171,387.5187706793208
7399101881882119454,277.8265907980908
7417674637351472426,1095.7902859862363
7394640227144568110,2478.874405955155
7414995501646646574,1051.5855445942934
7411672167026527534,497.65880455655446
7405433554634722606,1594.1374697524686
7423902517496466718,874.4528850982352
7415749879533833518,387.69101911976935
7399810513766468907,78728.87943578642
7400238529617399070,1089.6004062715062
7421350699532832031,15737.454658541454
7402078657465928991,41.628882151182154
7392808673279528222,17118.772177705625
7415404124210056490,589.6325598845597
7424703674397642030,16286.640009862367
7419489999558659359,181951.51943328345
7387182041995119918,52823.57415510605
7395049091043986730,391.59797680097677
7405754593310788906,4583.028065071764
7386835238007196958,260.9297637695637
7428371782471748910,952.4060712232208
7410622195556240683,333.8860247474748
7409867497534426398,348.9638494061496
7404237097919368490,225.518730785881
7433974466306247943,400.24686464646453
7428754759886097707,828.0786537851037
7429095385358175534,44633.54748216784
7434774989301239071,11918.455647258299
7432845982120807722,11854.230403601956
7420586737040133419,1004.8193852924848
7386805031988759839,655.503814635365
7399860960682593582,14393.514572510821
7399415688378600735,3603.1702512987004
7412400413778939167,733.1469845654344
7398299355205225771,29595.44097953157
7391627587631467818,857.5495864024863
7417607977567374635,294.1222167499167
7402396772443737387,11732.925728477077
7402042601689386270,290.93382197247195
7403118620764622110,29252.453575219228
7428081974922824990,322.7215818181817
7405416980687129886,264.61790422355426
7422057833253883179,348195.72839549364
7419135592329415978,449.59316827061815
7424004112133475614,292.9752260461764
7385784706400324906,270.7728422133424
7401295918844185887,79244.69685423461
7390515745320373546,5370.737137292769
7418740691058216238,4334.579248051949
7416905632097357086,158.48230481185476
7429465720859233566,1376.948130680432
7386422957406506283,362.6836572483074
7406513564241988895,1028.548631784881
7400537117132148011,260.34073166833167
7429514662275861791,729.6757011044509
7413606141797715230,2725.4045292929313
7415747895900556586,6373.940235170389
7433258385459514667,14486.707372721732
7417597951901568298,1177.4195168109661
7419101882007883054,3626.0477847763354
7390556921536793902,18237.56918022534
7386834163959221534,434.335832783883
7403170967855303979,1454.7075091908087
7405750922518744363,143305.07672510823
7395354004898827551,683.24464989455
7386810389679476014,631.5050476190478
7418032489047936286,816.302674825174
7429183279326137631,6082.211226440232
7433298495043456302,63.90883712953714
7407610179648261406,434.1441973193473
7425044410687081771,423.9425789654792
7429508392458177835,629.8760520202018
7384593247043210539,22287.58991312021
7403119942674992426,4060.3387317182846
7396524940805131550,539.5144591186595
7395003414947597610,190.6138635642136
7399125064660176158,3934.2392312076845
7418707411667520810,18595.51543638028
7402014296873372934,1431.5704223110222
7429551240448707871,761.6217183982691
7405075980164877614,15741.567914124762
7434755987778719006,211.90401607836625
7404603897848794410,894.4591237817738
7427305005612272926,324.22819797979787
7407617294114917678,575.718441946942
7384597663850712366,1358.944415417916
7387184300464098591,1618.2915359196365
7422835664300854558,17252.867690415136
7403571035041172766,76452.08887093465
7427704270004243755,120.75101742701747
7392013834191424811,1359.0992056277055
7385388623253867807,243.53561109446116
7403157322547137835,1574.8326300033302
7435126104500784427,507.8022681374177
7402410113312492830,217.94709977244983
7428442114956004651,359.9109076201575
7398018597068573994,486.9539012321015
7420195608205511979,38748.897221717154
7400568447739956510,2694.1675783272312
7393500623703919902,4524.096959235212
7384197193470676266,11487.797683255625
7425819627881631007,2505.658283960481
7391988856859413803,248.05174849039847
7394959859441028383,774.2512483016992
7392389808795946270,1966.6817683427682
7408689871612546346,1040.257232983683
7426534462911089966,446.44817982573005
7405760048045018398,657.5792845876346
7429487386511314219,1474.7330480935732
7400903317452377386,412.66506276501264
7395349807084260654,768.9749153235655
7386427295763811614,331.96382694527705
7429142783031610667,45849.52286951938
7389824480929041710,475.25758409368433
7384994809880137002,707.0702833388834
7399799011646967082,1477.3227363414364
7427255125485309215,958.176482067932
7426146829030477099,288.80541075036064
7435085768453868843,474.9411605894109
7385708038809816366,5052.691650649348
7423174539900865838,312.5559053696302
7412028030144564510,1092.0699706182706
7428790097413213482,4744.124039760242
7402453012570049822,38.68998850593849
7392401531842153774,259.9115742812742
7404605429533281582,1496.0212060606075
7400968131398651179,263.4975343212344
7429536498334125342,1158.42028963259
7390528032202657054,1299.1618460039965
7400190911205887263,351.1778886280385
7433605080915447070,345.7432169552672
7425421366616247595,811363.8060200966
7385708418293665066,273.97285934620925
7423179464898579758,421.5721165223667
7388354128382151982,260.35933281718286
7385042701953027374,27410.107997330466
7392038251499900191,4044.776139438341
7420996934216830251,6033.805408280609
7429188930160839978,2198.0323571484087
7391620705374276906,217.1052853146854
7408701167305379115,1772.4671076923078
7394227723796761898,747.8092168276166
7387939062126021930,964.0612319624822
7432881873254239531,20585.194300338542
7422145468760673567,1493.9291290931292
7400936062324968747,1858.4460156732157
7434347745135037739,364.8413141691637
7397256243208834346,17227.97447480854
7406532297777876254,470.548744488844
7393131409604414751,373.145313020313
7410616747654532394,3197.849136896439
7424655538329242911,1754.7543668886676
7435118899743477022,600.3281343656348
7386443898270256426,4430.563354428904
7400537701524557099,490.6207113775114
7387941161249328430,492.33207257742254
7390180777595571487,704.2792244921754
7405078626628013342,578.5753526806525
7426529114862963998,10283.05567143412
7386820472593370414,776.9843306526799
7434681648970714411,832.2227280663777
7389027260826684702,327.1135754745256
7428767632909962542,696.3155522144524
7392397597501148459,79729.70186399708
7408016031983144238,1198.2069248307257
7420970955939400991,86077.67272872684
7413938820191636779,476.51718290043243
7418008443040058655,338.697654756355
7392392274816159018,888.5317575674326
7423180516393897247,299.3495125707625
7395005246159752491,1315.661867390942
7416917268908674350,143.58129632034624
7387975451173522731,376.327981934732
7429525800497499422,296.30246586746574
7425069066311699754,1358.509490404041
7411331198053584158,15478.676303607503
7420204643348811054,384.73908764013754
7402756653801590046,546658.2280105004
7422852768647482666,889.5717300865801
7428727887777303850,419.03915137085124
7410199291588807979,7430.6744626873115
7394968268567481631,833.1876293595299
7410956772648799534,402.44612321567314
7406546018109558046,57.77226292041291
7422078732065672491,1032.4990952047954
7417294048228134187,161032.03900670985
7409852350698966315,618496.6056603459
7394960086201863470,438.8614441502939
7400913972762840362,270.53498084138084
7412049352065076522,407.95769600399575
7405033536081628459,485.62116493506414
7411005232026553631,1045.5449658730158
7385030378458795294,189.96187167832173
7399809501030829354,385.7758952756389
7398747883777936683,721.3540511377514
7407965474635664686,1057.7627137029635
7432907264069078303,290.4727394383393
7413508837736549674,123376.95747900427
7428031998515481887,2041.7565856310355
7420235476117867806,656.2634215007223
7429495899027655982,67654.80145080472
7413598688884297006,284.0100435064934
7399490260452855082,661.7892967143963
7417647768728046879,405.70769327894345
7414334985060109611,583.7760613997116
7392762322667769118,26162.940140237544
7394623624965000494,8237.904985120435
7400595520424578346,406.64554431124446
7407608564271025454,1692.9390953879465
7427656492729371946,870.9514173992669
7427994394915065119,15795.422908752362
7411689535488199979,553.7849694638691
7384957309576809759,294.6215353812854
7390177484827790622,261.0468011322011
7419844303398178090,464.3092686091687
7405036418600275246,397.2277374791875
7397198664294288670,113.35919002664005
7434712238608567598,1305.670296764347
7394959055652932906,396.3113896547894
7400532286430645546,496.03360620490645
7410175337646132522,337.7743870074369
7395046297935367466,19788.82329652015
7392751274820750622,30695.096273271174
7395414429183003934,277.4456671550672
7418004597601586474,356.07272585192527
7399428049315401002,485.39160483405493
7403136001821936939,380.8160277278276
7385339319537634606,721.4022245865245
7398696636412628266,316.009484926185
7422081620112346411,20594.474653973797
7395756149515111723,358.46909484682004
7415445913704926506,329.95422197247217
7400254248883096874,97132.51669287369
7429540747432561963,1122.5483560606062
7389764738965589279,51.146033139083116
7420592303825227051,42853.223222938206
7389403396215721259,1328.9907348928848
7409145825797901599,395.7430178710177
7423212846521027883,803.7290357253851
7420261050337217838,288.7119824342322
7394610117183917342,13606.046790376295
7433954474235940126,442781.23166669207
7421378987148037406,348.8091544011543
7384575308319509802,1416.4130562770563
7425417968772861215,19811.844769400053
7415448300322655531,1470.4372121933643
7394304560434597166,852.3000436396937
7398700283506838830,344.24901007325985
7412041491641584927,507.11521608391604
7426883927329000735,16487.180950072154
7403497455452491050,651.3515414418914
7395801216229330206,319.83479992230014
7394612767757471006,1994.8961132756122
7414994317258919198,394729.9560316545
7415397552939420971,2118.8627937895444
7395352300631411998,260.3538975857474
7419834661708238123,2308.3530037518035
7422813374213262635,940.5124584249079
7389091579316981038,14691.295564435566
7389486626503757098,485.1411574925075
7387933753944870175,166.167896886447
7396163828511395118,389.54260084915063
7420608648449248543,8940.874926875898
7392766090905931051,15898.126024519928
7418431055541128490,297.6156938672439
7423219891802492190,160.14381407481403
7433964421753474346,188181.90001666654
7407995977350630687,420.8032821789324
7421773158308384042,1461.5884492618488
7413919495514869022,380.4865073315575
7392057702962253087,6186.551182362081
7401697666700299563,250.1225397824399
7429507538544086315,2423.2473863303358
7387967752755105067,1451.7435727994214
7398334195405294891,839.8164637778893
7423231507571002666,2767.9800019203035
7389097864774831403,2329.101389987787
7405070388075482411,8213.656066933061
7427635514955681067,346.5182478354979
7388293919039048991,85.91962999777995
7426181853121383722,2671.932073051949
7421392218679774506,441.38190784770796
7410985484731665710,473.82590981241026
7423608542239804702,3701.45887728938
7398339831627091243,332.96064285714255
7427294163944721707,294.78545245310227
7411295476340886826,8474.891657614602
7404240406524775711,537.470352020202
7429495389381791019,326.48472727827726
7433941383028804894,130456.23743059159
7388302551424273695,3604.893007964257
7397213980906802462,634.0242213453217
7426925064852950314,1025.7102510767008
7387628532383452458,139.26565515595524
7409060904953859374,15182.664760678206
7401642893900893445,363.5021115995113
7385340393581448494,1058.9567031191025
7426872690381737247,358.9142370129868
7398712566375075115,1521.2219978105218
7398007148438883627,1008.1144459262964
7426929611105193262,410.87241454101445
7389395496760036650,5669.547929981127
7428030705935994154,92454.65195663778
7409116690690198814,5473.713250205351
7427247033351720238,502.7883859806861
7416891123186126110,317.841087962038
7421360713245101358,492.3380892884895
7400575083112172831,9300.796820374067
7395742464155487534,27102.801561183267
7422075915041131822,10847.737130580539
7402473512465698078,330.3753242646241
7413527230707420447,1501.879924503274
7407630574699040043,1530.7740157009662
7418407464669908245,293.5810499611499
7398349927606127915,1054.1931779165282
7393879715712421163,733.6390830336331
7415365949727067423,114032.22605349656
7403932720469904671,327.1157734487735
7384290945795132702,1638.8568023976018
7424661727138155807,525.0204026695529
7415441162653207850,837.4714897186149
7408375049180286250,2114.0880237234987
7397586988041358638,428.39447963147995
7386445772125998379,246040.7717458262
7424270636438113567,1725.7792236097234
7402393875828051231,137343.40507323225
7434334299891027243,428.6831650016649
7415816225286049055,1091.1197690642687
7411661711326973226,849.3048692252179
7422051463226002730,2226.574934215785
7417322506526281002,91.0045789377289
7395777305232035115,334.9772826839829
7407235816231079211,305.44489553779573
7385700400219032878,574.752705333555
7414667383672999210,2812.181741483515
7425107228211809579,20089.83216567599
7386847268080454955,3248.5011401431916
7391290658176175403,5566.7069034167625
7397987724830969134,1366.7450023643023
7423623992394779935,1503.6015486790986
7385745527989603630,3607.221853968254
7423217345629392158,280.35432164502174
7400524197547592990,1604.0107104395609
7424282716209810734,2643.2818540515045
7416154005153271082,285.336606132756
7398335505793813803,796.389394233544
7386435551223631135,282.4209416527913
7385374732767759662,103773.5655590631
7389826284668505390,29527.45678543679
7411752599377988895,286.9224306082805
7396134872953195819,386.96208560883576
7412055821032541486,260.42111854256865
7413896742053170463,8922.645944139196
7387198951574916398,1387.82719025419
7388701496424107295,237.39242609057624
7388296821514423598,479.2927153402154
7434736587876912415,1739.9114278669044
7433607368463617326,378.66778102453105
7410549670939741482,1450.5780121656117
7425054744852417838,66892.58391678325
7384620730752814378,149004.50377166716
7416869876393872682,479.57863996559024
7398766701501877547,723.3705177544671
7429541108167773482,568.0557286742671
7390156670422371614,360.87775702075675
7419485885177007406,368.1590757853256
7385372761553751338,1125.4042766233777
7385758657138543914,138329.84158054166
7396915871408606494,320.8730427905427
7384205914791841054,1622.41788041958
7386438802920705310,304.5518609057613
7427989116983233835,383.1929338383838
7426570865447587118,865.4975009379502
7395326241865420078,59977.020409879005
7423911282526489861,703.0668948051947
7395018022962318638,4300.786244799641
7398342470494457118,1591.0840633644113
7433596551739575582,523.4214319428935
7384193851700956447,5920.373058874455
7410947420382563627,882.2913778554782
7387193752521035039,259.6808086691087
7400952784071298347,521.388233799534
7394614531265154346,1801.7752187035187
7434736299304553758,609.005631191031
7402392058461310239,284.96797967032956
7393934196844039466,13727.824933660793
7387608580414803243,2133.2695232822716
7391333019010829599,522.1833619047618
7387257706450619678,298.95581379731385
7388359966370893087,1286.9158309690315
7384993289147059487,2172.94602994228
7421404759460023595,1729.124451376403
7426524693139803438,110079.94797375398
7400569448421264670,2374.930814346764
7421691490625178922,798.8410840381841
7421326589612346654,380.6496219003219
7415019093507558698,22259.78885387389
7401330867563531563,811.2960726551229
7394988969085177130,843.226865417915
7418041399553166622,8474.464049468186
7420210658639203627,39610.05234562106
7432838520198270239,1775.864356832056
7433619569496837407,375.33642615162614
7435496840549764383,230.92168650793664
7384261918338469163,280.76692978687987
7423923595925114158,1369.5279552669556
7428010528275959071,2663.8049665445656
7413163917121211694,347.78596038961035
7404306277976788267,1798.6283590298576
7384568214904196398,275.675465995116
7400931668975996206,51886.2874663781
7415035847717915950,308.10326138861086
7413935453918727455,254.81965187590183
7391290115735227691,5843.762362953708
7384600223508663583,262298.3716633198
7391339380658523438,10104.724016738815
7403132688502131999,325.5017000721499
7418710881573309739,417.0241381673879
7389083608171957550,1035.3113211899215
7420581229101206827,12585.132833294492
7399788370420862251,26350.801185420136
7388726083849571630,191.90078138528114
7385685044993608991,143.43180180375174
7402418576382102827,4289.8414383005875
7400589294718536990,55584.24459380067
7386843181629033774,1458.4894549062053
7401295239098469675,135.03525191475194
7397243510618852639,313.11921831501826
7423919094379973930,960.2120054834055
7413153773347966239,409.79931895881884
7391620637254520106,228.67992411477434
7403548894824516907,344.27554380619375
7409487330949467423,9039.739357209459
7411312786732797230,692.3604229104235
7405430892191157546,264.6365098124098
7386099410272488750,162.6109256854258
7413143559324437791,4530.039959268507
7413925155686124843,304.9920034299035
7416917118949657886,280.1208038239538
7403181042359717163,298.69643346098354
7429459156748307758,2030.5748802752805
7426873679767850286,1439.1973771228754
7425766248954252587,1329.0241767732284
7404999414785363231,1378.4476243034746
7393100378729925931,1023.2743020146521
7391248175408958763,312.21831734376735
7406098033580051755,805.3297967365964
7407948888268623147,97257.26773749027
7418348844762598698,348.61803709623746
7425059684563897646,1312.051415140416
7392399378205560110,20457.229421278724
7412116772750511406,405.9399486013988
7413584649181531422,312.54748414918396
7434719154583702827,854.730314413364
7384668972089740552,211.24082633477641
7403546718022765870,1747.9004395049396
7414266674393746719,561.034268248418
7411292592937372974,570.7685037684533
7424318469522459950,277.54684942279954
7394316887674375466,36222.68625158731
7426889469862759710,255.03186303696307
7407995827823594782,263.32709186091694
7433291010924629294,3089.3011660450675
7395755756827512107,320.07826217116235
7426938990869171498,359.5567379120881
7407961383704284459,382.26935833055813
7415762833620667690,30054.66684444443
7415765026927037727,69774.13608556996
7390884805698686239,254.9072530969032
7389035149775654175,754.7641616022868
7415801296726330667,42679.68204441672
7405422873508203818,38596.48676258192
7388743114581773614,1298.4327121878127
7404245465140645162,433.9788740259742
7388283704508042539,7023.188341580642
7390181099835591966,297.20979413364404
7422891211985259807,509.76359578199595
7433252033542589739,960.8103837606834
7387181363352341791,1228.7536385614394
7406549649789603102,518.3956032523025
7433976974416153898,1063.1517278332776
7400563587405597995,870.3839276501283
7390534465770097950,3038.1216585914094
7412067333780426026,339.2185629426129
7433635785645051179,1327.0717060051059
7402382030673055022,1506.109814646465
7429095146538536234,42800.31559971141
7384603756479941930,1826.478535603286
7415058600189545771,513.8083970751472
7399800966586912030,730.6589644300144
7418339401505213738,1446.9412534410037
7427670441776516395,1687.6688515096016
7415838639428554026,709.0997108225113
7415094777110154538,339.9883835497831
7414688650421701919,786.4330712454214
7416119166949723423,830.5292799422804
7425776657769729310,847.0291388833389
7403547370861923614,10019.80441954712
7403165429197278494,295.16095159840154
7397964768516115742,244.8549556998555
7402033494806777131,788.1175907647907
7384663720175242542,304.55303231768204
7425019239548865822,560.5253189754691
7394316065599180062,192.76302143967146
7399413726488628510,461.50663831723847
7403584029187984671,1963.9774817460318
7390905975344991531,240.72394437229445
7392402919578012959,576.1720268398266
7405814428379270442,591.5895687923188
7428367426028342571,1720.2165652683925
7398316817531325726,19953.85068318349
7427648909754862891,712.9146793428793
7415081871450656031,32803.62341060051
7384277925463510318,3111.2334094350085
7408751367034047790,609.0631831446328
7432869346449362219,27096.88940892996
7403497795463777578,288.07712119938867
7392764616062962990,459.977650915751
7400556163554692382,2664.4952193362215
7402789043211128107,321.20317829947834
7395337594881477931,114.47375182595181
7395420708467232031,224.15715096015097
7403593622861516078,243.42215916305915
7393946839004794155,379.8928209062177
7414311119189462318,1657.8068440947948
7387196035103214878,333.7538227550226
7428793083506052382,2078.848316999668
7419150148187589919,897.4023034243532
7417273060002123050,318.94718530358523
7385743995181321515,330.49657499722497
7397223426856979754,70.12136054501053
7422079637863320862,309.2022776695525
7413917731592097070,64.81268737373733
7426531577808801070,258.1399927905429
7427274662163533102,269.3144119047617
7392066331648068894,151.94948039738054
7402383238905302314,5026.060894011542
7427276776709098794,11477.273965268065
7398712029931932970,1344.6687371794883
7399448619532733702,13601.006992990335
7433233099690986783,1463.3249847763343
7402797592943283498,11022.542061888105
7406505388834622766,559.1616725663222
7396821962171059502,1702.4452425962925
7402043768297278750,407.17925753690747
7384194754822655278,534.3400018759019
7386432036367650054,1241.5417835719823
7426514326036548906,149044.79798767887
7415079821300075819,1382.7175342546343
7408699443857411358,330.1458827616826
7398686249046871338,562.1827373737374
7398372832620612894,60569.210621878156
7403915084398873898,335.28633353313376
7433988853066714411,462.74949831279804
7384970458115902762,755.4525993228998
7410185562734300446,3298.62502906538
7423200412074806533,427.3635824508827
7412404598570339614,2921.7671884171396
7401298171319667999,296.3402058802309
7390185779521146142,383.19315634920645
7408686969724669214,306958.5065803086
7425023634210688298,674.1110696969696
7391642926847167775,8543.62214145854
7420246646199471402,11453.24713802309
7429101009680551198,7298.700306682213
7384200334689848622,317.1073353368853
7403871159160245535,1688.070903368853
7402826894904790302,202.72573122988132
7410591861070662958,20934.730323976008
7427284374707637534,276.06106739371734
7393187470420004127,249.23648861693871
7414659951009844511,745.2281158896665
7405357237851409706,375.195867915418
7413539903545281822,923.5078253357749
7386892633957879083,355.1733537629034
7413896132264201515,1379.5596455988457
7414707552899845418,894.8525653069148
7395786015950081322,925486.1669726607
7394262789302373675,1453.8969098790096
7402806057942142250,762.4859816738818
7400960437375831304,201.27298117993115
7426930983737363743,823.8107429847928
7420278984786611474,193.59648453213455
7405761825146473758,314.79433893883873
7400895229508750635,367.999876053685
7415086687988043051,365.74243362748365
7391688475646397726,608.1178749583755
7411698892447829279,142.87550041625047
7406532633108303146,517.6717155844158
7423973132949720366,925.9573336496836
7393108657082322206,3521.8410427794433
7386852423345720607,413.2770841158843
7396884785802530091,278.6535688533689
7385369497231822123,1596.47889098679
7391256241835609387,309.7553821262074
7409512035186265387,1219.248479248529
7411354476956683551,514.3650574592076
7386147782194728222,379.1101980019983
7396904852934413614,977.2470580475081
7405055879369837870,547.3685542568544
7386072032674434346,1514.616094078145
7426872257114279211,2317.826649827952
7409144043441098014,90.3656244644245
7409129417882029355,1450.0735782162274
7398297302575664427,3811.8688148906626
7403896836743875870,271.1147003434473
7407986364484046110,711.049362232212
7391694498314702123,1061.9881114829618
7398304513272073503,35250.80747373739
7425770443891641606,293.10959920079927
7402067709434940702,36.2242556776557
7387987928510680362,414.40306017316004
7421008504464346398,296.2024731771494
7389417793797541150,117353.54070014435
7399831042762411310,307.97516275946293
7426158329686281515,864.1474892607388
7408728957299756331,551.69745959596
7405411562145697070,94190.69903578643
7407576457066892590,98075.77458602507
7418749866572008735,4443.77540031635
7429517796658253087,423.65920791430824
7416865995186326814,102053.52625114893
7397287435429793055,94319.53067570759
7400176270518127902,4882.593155483405
7391719892745145646,1126.2174674464432
7399487779408825642,354.6666650405149
7404638377221311775,1296.5503713009214
7404673995636755742,505.1218885281388
7412042402925415711,598.1781654567657
7386340025107008814,785513.6611624712
7399508584830111007,300.88372546897557
7387565233822289183,79279.36322610783
7435438213931470123,5437.816522544123
7428767985587948846,1401.401853729604
7434026754534034719,108.17018185703188
7417599188210355487,729.2992934065946
7401341884716649771,467.0622674991677
7427983606254996782,355.5495293872798
7393528234501098782,345.58768119103127
7420948790644854047,17723.776140981234
7410172864680365358,3741.71176782662
7407299792600157483,198281.3359984848
7405034913700924714,448.52888756798785
7390196710544346411,890.7248624209124
7412413064764575006,277164.05309076473
7407973184127143214,100066.29759224111
7424339078251957534,5525307.136596615
7419078726287117610,425.97871564546557
7435424238183484714,6100.203904825237
7423964646085774622,2512.247717071816
7386071478946598187,1016.2774032550775
7414638235063766315,5589.372797186147
7392752650019736863,4701.303462193359
7416852482606845230,154.4538883616383
7418377541980802335,280.7734213564212
7402069243094748458,4820.411319846821
7424332453789093151,459.9394263569764
7425789599714200862,6194.5874527972055
7423977966297763114,1203.6387239704736
7407637730286374186,6523.826300238652
7419884825940741422,85.42026469918966
7419161558858681643,536.0961342324345
7395052777371749675,788.0076852564104
7387561824616549674,972.0608137307138
7427249138246389022,52030.5224116994
7433275244103650591,2795.7537951104446
7395400285625011498,45.17000095460096
7388647355962395950,161.02951801531813
7389048708509224235,666.9086934842932
7419094436115713323,299.9919704517707
7400201718429977887,2545.1825751803776
7403172804226534686,1024.6380342102334
7418411105027935518,290.40230779220786
7404623838052404511,1720.1105124098124
7428766746280070443,6841.6053547785505
7398371682122992927,100.26294731379733
7386156294199102766,523.196347308247
7410545982456204586,513.9333454656456
7395042428178189599,271.25274756354776
7407636530405149998,11428.740387828839
7393554802929634590,701.8869151665323
7402836468508691758,633.9352147408146
7423209128522403118,1689.025986430236
7407944258210155822,269.1916663065692
7414622083524644139,7080.468416089461
7408763701089602859,1277.4324563270063
7402433598378282283,14073.596139382844
7398725174759099690,1702.23535021645
7428405535503846686,145.05912660672658
7394638516870860074,1307.2185462148962
7403932221133999406,263.07071670551693
7392766761562623263,130932.44083429071
7399476787375246638,292.34638758463774
7400157756591705375,5708.591825152624
7417972542960373023,4341.9409489344
7393197780631686430,279.16812365134876
7415007678226779435,4025.4794967920975
7395706313612774686,1431.1836423465434
7389770130772856110,198.11999731934733
7434689659889798431,4059.3751975292703
7384594973729082667,592.5738366022866
7398019184682077482,400.10528255633267
7427346558317890847,6663.772765390166
7412057785577278766,3164.3868930513913
7415072173150178581,234.78855024420014
7435503385794792750,525.4044605672105
7427260861208595754,99.19170653790657
7398392248276159786,419.2946005217004
7396068689914776863,1042.2937816849817
7423212755127242026,386.47156785436766
7407958823509544223,10967.853623520918
7423584028424523054,1078.1222285640818
7419877268786531630,780.2817870573871
7433258881050086699,596.4066901931403
7425101285864639787,684.704834482185
7389845960521682222,6232.946966144966
7395779709537144094,360.4987809523809
7401295511401057566,6579.541284831836
7402796367900462366,37210.56220076035
7417635846272060714,230.85326318681317
7419169332707626286,334.86377100122115
7392010165735656734,5522.253308214012
7426895289664933162,266.28195613830616
7415763144888323359,238.18470154845153
7423228738034208031,492.22366854256904
7404542212375186718,849.3706774392275
7400985493376224542,351.60584228549214
7385734096418377003,1404.6290916860921
7417278662589877534,295.18344054834057
7411331112120667435,1350.930891502942
7411310928219655470,105527.24128789536
7395715368548863263,15099.121894094782
7434258973521382698,24570.908755228105
7426189046134721823,1263.8549622155626
7429141874134371614,6015.456445443447
7423623194440994094,19464.44658922189
7390936545399754014,402.4327946941949
7429133387513744670,9867.71725324675
7389764419716435246,6339.701050138751
7397193956620111135,191.69558980463975
7411367691170368814,262.4186528249526
7395762477054692650,398.1418753246757
7425016437615398190,456.30857057387055
7394615855352663327,263693.0160860915
7413939005420588319,282.4826016594517
7393880922094882054,299.10242713397713
7416159412441681183,1854.7182103563096
7395017550293241118,283.4884365245868
7399798770608688414,437.42738297258296
7433982765441371423,447618.5248168749
7406134647102508318,497.571289260739
7400214362595806510,22676.43410375181
7399073352524156206,492.1439697885447
7419159620918283550,317.10677113997116
7423215929808440607,917.8143177433675
7409483880828374303,503.09235697635677
7385713307610647851,347032.0865108282
7428400999632571654,15095.720720634927
7402732222337535278,6019.0225584693035
7424689634841496863,12488.873472183372
7393554921670364446,430.7488365079367
7434745441176128810,511.95186406926405
7400566079170366762,576.2239192363189
7407948989523447071,898.7140773226771
7397584349526265131,47.609310334110354
7391660927092903211,20233.42349322931
7410594067387583775,921.3640357642355
7417318444028316974,119.92845414291584
7398323764569672991,483.63915916305933
7398010996746472747,377.6609561154532
7395335401566752030,372.9558784770783
7434780991522098475,132.74640989565987
7391988699791117599,1339.9523856143853
7385003689162984746,86.03607005771995
7425786259534122271,426.50566967476965
7395010211704196398,510.14630279720285
7400531895689219374,8365.490247519148
7390133310950837535,188044.8429346653
7423200157258255647,192.34180039960052
7386829702486428959,857436.0722098121
7427309474060258603,431.4631308302809
7426903547570113835,32488.316928932163
7405036189226454315,1012.3194954767449
7427629577557511470,1399.0505594572094
7409159408741043487,735.339798917749
7413568124810743070,38.38059438339433
7434384517453925663,9607.2414564935
7392018102835350814,452.5079468697965
7407957461065387294,6143.160693772896
7387252499184471339,1034.727294566544
7408358508850105631,176235.09882359288
7403519563616357674,487.236683116883
7424651011396242734,287.8705163364415
7435104195801304362,5090.528051959153
7386884018794515742,285.70350532245516
7402832351308385566,800.3214581862583
7426575357807054122,1045.1853388833379
7424684597960576287,242.93384221334222
7435140435565219102,54.40430909645908
7388009686970289454,163.5012582972583
7407991992879287595,385.8461543401043
7387586660210330911,5767.8170015651
7426897349458349343,1281.7594204184702
7396894240430624046,842.9922913197911
7425066746295356714,2485.9400125874126
7390235003977878815,644.9033253968248
7408400883169398046,847.6608688311686
7394595649129286955,6045.41254352315
7413575469129321771,609.4216488067485
7421306885984357675,187.61013989899016
7424680199968607534,676.8589743145743
7400938561375178014,928.5386091686094
7425037123956264234,509.3592704906204
7397590936567418154,757.4201089466095
7409459404308860203,605.2043477966479
7408739302554799403,444.95106405538905
7412481644839374111,1582.4744201409706
7384214115461451050,319.80700665723174
7396099421940763950,3027.9733514541017
7402025198498729259,1611.5110680902433
7393137181398748459,322.43598283938286
7405754346601811230,457.4763550949051
7416183903733435691,1101.1902767676768
7392002998127398186,240315.94993524798
7433631684786097454,135.96212394827384
7414321050424593707,858.7588551615047
7410924769157074222,552.750420701521
7424694193810951467,2458.7944987290475
7401360693565410590,33.90399717504717
7413891790165626118,195.57088268398257
7408355235397209386,364.29554809079826
7385690797318065454,285.8483612825083
7416869229963595039,4447.531044355642
7403195763871714603,2274.265893079143
7389485289271545130,1494.0764170995678
7401310296612097323,320.48909575979593
7384254157101829418,736.8211431734934
7391275954716347691,971.0701995671005
7414252129126337838,405.14544708069707
7428354375799622955,41015.49486073925
7403595606112898347,1112.5879318348318
7416944729582996767,892.3727301642803
7407618875442957599,295.7078676934175
7394635807388126507,290.43962590742575
7396907049675738399,40.52277482517483
7396087098694094126,322.600391547342
7410172550564613407,276.40940707070695
7426544227024145710,1332.7941371905872
7427717955279916318,159.914032883783
7385342068312247583,315.5727340104337
7426076055473032478,32907.08739254081
7419490755015806254,404.70046475191486
7417254770290855199,516.9173026695527
7420574225687334190,38846.05988473748
7423616242650467614,2897.935665390165
7421363279575960874,13456.481368670227
7420646745647959327,760.353893117993
7434000156929887518,869.7065795149291
7429570583446211870,122.1356573371073
7423551981282741547,326.52141669441664
7384255424867962155,979.8830745597533
7411701646943587614,303.0597160533908
7389081832677051678,149.64596803751817
7416932844955700526,55268.5294803974
7408768039568690474,579.9249037351536
7384970726140382506,1421.4334722555216
7429156075091299614,145.65398428238433
7395797378990640427,586.8376507381512
7415405679579565354,46280.27913630256
7414282015484284202,237.27667711177742
7427251367112166662,16838.407190115428
7400567792795176222,3209.7938263847277
7408009000114998570,176409.4452458262
7424734316481072426,385.4596329725826
7403197342783999262,589.0600882783879
7417612316205845806,297.67146841491876
7425076036582378782,353.0239761953731
7408372699841498398,18261.878239294052
7400949495770385710,1650.9095377372628
7389803937492143390,15365.904474320118
7409060728629366047,269.9297229153199
7420995984936815918,408.54178376623395
7384295081311866158,9659.0419560939
7434709448045825326,372.7286414435235
7392396362500934942,2921.8201368686855
7407612246962228526,28646.49666485734
7418804365797887278,468.8271713064713
7387200823564029230,5199.775795926298
7428367716370730271,2945.795213808415
7395741836356242730,1447.516050577202
7418340545518505246,162.58975598845598
7427981206282636586,934.1821914030412
7407637457912499486,330.7094900405151
7424670439080840494,6152.193277344878
7401334079918050591,905.6579575535579
7429536580676685099,1057.0537327616826
7392371291090636062,399.16716731046716
7421692631220030725,6433.154949567107
7423953349927537962,632.9202019813514
7393150552718265631,334.0798371850371
7398299297852263710,195.91640746198263
7395001656234085674,176.57399025974033
7387249093472537886,1911.7078863969361
7399128588861066539,356.919833105783
7435472501876018478,922.5116196969695
7412457068524768542,54487.14775173711
7400563482573147423,3551.8893368631393
7402808688899034398,1856.1535489177486
7402442088526171434,386.29759069819085
7427308766904732959,5380.931759401711
7398684979024203039,298698.44910606625
7410598088995261727,719.2205109612611
7393876235501243690,125454.19779754688
7412079482787384618,287.7237103396603
7432841836290493727,3904.5221591020118
7387612252540521771,39266.93132433122
7389392999714704682,350.3580291819291
7429152585501658411,9961.012158319461
7395371056594226478,329.521053257853
7410636281065098538,391.0437620823621
7425109824616221998,496.47891814851795
7386426669113920814,15002.901953246741
7385337536526388526,102.43984855699861
7398365656757996846,365.41783252858295
7384983868035779886,429.26687789987807
7414266147165572394,462.6379011544016
7397221859458321710,275.5262206460205
7406460804234743086,1052.5504811022308
7387237746206706949,330.7533257076258
7397216448277564718,317.73058645243617
7410179663953268011,578.7375528360523
7402448859412139295,5140.924255910756
7401361586880924959,86724.37136369738
7393148983025208581,25662.26725762569
7385376360107117855,246.83299015984022
7384648452493397279,21551.702536002893
7386053398098873643,1848.205789660338
7411327654412111150,763.7620039682541
7433288733526330654,2241.71402015207
7401255591278071070,2866.2464965090485
7393143789914869038,3120.806419036519
7424370585196629291,808.8441891330892
7426579036014513439,877.3604644855146
7387606907848150318,310.7339052503054
7402759889312943403,9730.494158302809
7392373937658727710,326.06337277167285
7389020061857500458,978.4949645021637
7418797517803982110,1622.1846082972588
7410203478796291374,35011.38919241871
7415425241108794667,312.01009237984266
7398366678242970926,874.8093899489404
7392032641324780830,312.73726199911175
7429159424272387358,2643.9250174325675
7419152031266409771,18860.840950030528
7433946067495931178,354.4488185925185
7412411877864557866,691.8531393328896
7385038492939586858,1493.2422776334788
7409104220915289386,14751.221540365179
7420562602700344607,1523.5568602453095
7423530832683355422,1576.449573737374
7394651349557808414,354.7392176026591
7434715867931299115,497.2040693695189
7412478285415812382,262.39120686796855
7392401794195901738,258.1615552836051
7398746473405402414,49975.92221111667
7404300684742446367,225926.62202665122
7396499365931601194,398.5046708458206
7400196719088061726,257.7190063658563
7394681457588866334,233.76444327894342
7415769462600682794,5569.93627995893
7391295259889732906,456.53432991452996
7420200764590607658,438.03885648795637
7384985850108448043,508.5099121212122
7384207980855676190,19880.468912182263
7429542051718499627,369.3664940115442
7409132620862508334,152.44319052614054
7415401524500712735,106840.21358008105
7405818686969269546,81957.87045819189
7395372140524064030,307.42027969252956
7394979796519898410,1175.7625524614275
7397941507581480238,291887.5534231935
7422066833299197214,495.584528821179
7398753064569605418,3198.4927019297684
7397939795504188715,24599.95807090687
7398351928146595118,690.331645670996
7407290288718482734,456.00353347208375
7390524116190743838,21233.119784343442
7403129543650856238,682.4671653588246
7414319447080684846,8665.279341947924
7408716338664901930,352.4159734820731
7385315576853318955,300.44115382395364
7409814843366165791,4535.445852292156
7389485467005111594,630.786426974659
7432836348903542047,5895.138569591519
7386137461795081503,219.7147499334
7398684386293484842,375.77233718503714
7409496905832484142,508.24441875901863
7432907582852910379,601.2633151903651
7397630220963990815,283.12774603174586
7387911558216666399,2227.858129100312
7399417049161780523,1812.3563481518486
7389030009916149023,332.8735196026194
7424286252578426142,1342.7668776057278
7393563741142535470,773.5994631202138
7386488145539304735,927.9241247141747
7417605161083751710,692.8009925685424
7406458872015113503,20735.73916996337
7426163151063797038,2147.310541985793
7402435390482828586,8450.27391636696
7400915236896689438,413.47052893217915
7395709242164006190,1581.6639493454243
7414300392240024874,2084.312899417249
7409885912836033838,1785.832959157509
7413947582830906655,47703.93233136307
7415739563118791942,290.5518731601732
7434318749081275694,5589.1896978798995
7410939360125734187,1324.7561561272048
7395800346339085598,297.41350707070706
7415377435409255726,791.9324134920637
7416135098128502047,55783.08327561327
7433960547630206254,582.6081023310026
7414292458302901547,1108.8044543845049
7403891474292608287,2118.839411865912
7410916850516659487,304.50504155844175
7417670552573299998,5327.692971600623
7407219448794352926,257.1742588522589
7433297588129991979,8470.014220729272
7389453711795555630,244.9690923576422
7407274708145573163,33090.70897540792
7387945890117471519,44715.55806062828
7421722953328512287,360.8130237817737
7408700213558267182,1078.1459976745482
7410544054657699114,623.8244329004328
7384583686013930782,294.24787769452774
7420574272852118814,5684.5725484127015
7419152311089368350,81202.86188529246
7396870263993847082,346.02334714729716
7415755397585325342,819.8636056277061
7405768533516225838,303.00176519591497
7414622344456441118,522.1349895160398
7427702933392805162,346.98669355644375
7402839693538118942,131.7464520646021
7407987543263776043,245303.4779629871
7408775878869634334,339.04650333555304
7420960829341797674,303.48348771506284
7410917569588186398,498.08340992896
7396497899489725742,117.48452756687757
7425031556370320686,30974.144630907987
7389030032934522155,1307.9493804695308
7417253265513024814,2676.1942140914625
7415470057154727210,716.1370078643573
7388311963350076714,364.61015064935054
7396863890283367711,238.40219155844142
7434305824920538398,66842.22732178935
7395359145559444778,194.1514475912976
7428734440232275242,708.5825928127426
7389067314479566126,2453.2535659895675
7434730963977997599,4238.117508702407
7420979730733698346,16926.845466563995
7425801126647303467,387.27033533688495
7425393280113839402,647.8761839049835
7426908634862456106,264.78962086802096
7417616047852801311,323.3840736763239
7420230263805840682,1300.9261565712063
7406127195392871711,256.47055555555556
7424706159703051551,823.190727994228
7416128843750100266,21811.673271783788
7400588359292439850,119.4076540903541
7413882204670971167,671.059031673882
7395391251836669215,1371.207117748918
7394268585582955806,649.4267961038959
7427265483088334110,119.66031941391932
7405765043331157294,12814.812049655895
7428728679666158891,685.2153064213563
7389829902406634783,70.94355000000009
7419839212461247790,2320.2844604950615
7385341239933095211,8329.620712182259
7400574206754180395,361.11953939948967
7421674272143215914,263.13203792873793
7422811001722146094,6884.449043767345
7425757257230454046,11565.074094511041
7427278849244728606,304.1841626262624
7428808902357060906,279.5037265012766
7386121917708668202,8815.530720784767
7406465980001570079,339.57539027639024
7392056436051905838,374.37555328560364
7434698260997999915,530.9198888167386
7423956553448934699,5504.86253615273
7428405223095389470,334.1253309079807
7398676446803250462,411.3099339549342
7391252514529627434,203102.1778949161
7429468832852462890,679.3502994782997
7396822873274420523,461.8711117493618
7420965313279266079,1488.44788170163
7421347699372625198,517.5863312465312
7411335562130427167,711.8316809468305
7428018540478860575,68777.56117665114
7435130474999319851,6616.266834199136
7427336213415087390,455.0098544011544
7402851386217483551,552.5770970584972
7408329444689055018,386.26970498113
7386847467217734955,71667.21672916849
7384602777055530282,304.2904830086584
7392747961484135722,746.9351044844051
7392428909888802091,4399.326255522256
7428797611034840350,2231.195816095015
7384605735444974894,831.7982462537465
7391290074211585311,953027.1699216298
7429551149583322399,284.22045634920613
7404255747460287790,455.5099798368301
7402080498278829355,62601.00278506494
7428779902763142431,1566.085829942281
7398376230635982111,1366.2995255355756
7388337502211394859,311.0408539960038
7421340076178722094,409.5415126817626
7416897441384959238,227.79984211344222
7387182317346786603,781442.69152825
7408336827205045550,3071.2253531302063
7391644627956288799,2066.965553823954
7409814683273760005,360.15669899544906
7426917387854744878,745.8220571650573
7391993043043274014,28028.698946198252
7434728082168237354,1582.7969658868913
7418348745076591902,6484.756636186038
7386825888098192683,1735.7865628427146
7393526243968306475,514.5954151320904
7407265486137740574,654.7980921578423
7389841761805290795,295.4793329614829
7394249755460717855,861.4686594072595
7402816468989070635,451.92101340881345
7389770616355786014,75993.47162492508
7424372763902659886,466.07517063492054
7411288796735507743,368.9945491341991
7398756968753548574,241.47322456432454
7429498298479725867,2906.0932963092464
7404677486904151339,390.178292957043
7405045738822012190,405.7601083472085
7401639420228652318,83142.9228280664
7417650545340468522,596.0338709956708
7401681569758334238,107581.36476580083
7409138070705933611,1566.1447667388175
7399436874286255390,322.61959004329
7423561838996000043,3321.4516196858685
7386814380043734315,719.5897910533913
7396510285898583338,3134.82132014652
7403878050678721838,1266.6651876179383
7400225585290677550,328.9651539904541
7402442183602621738,799.5684335997346
7434762311144951082,347.98799607614603
7387999244050910494,825.1325566156067
7423908049795943722,1051.7452957431465
7402754818994949419,61460.54098281719
7419091863946448174,2293582.6484429506
7384985368178724126,502.50388506493516
7410559672412851486,809.5417376623371
7408372822059355422,819.0754603285602
7420584983598845230,270.3296887390386
7396910332003798318,515.7215366688868
7418403216406154538,950.1004266233756
7419140350138223918,133.05285346875337
7391665087376903467,395.816312100971
7427662274518682923,124541.63935122648
7429474546979327278,17868.432708125205
7429539173587111210,2820.810629292928
7432835979687365918,22545.035974869574
7395793115182910763,1900.9185201576204
7409510773040434474,1933.644678166278
7418717565821668651,267.76385180375166
7397249950272326943,491.0705346431346
7399830589378940203,710.6276449106447
7414683843069791530,269.75118633033645
7394239061621214506,229.85844269064268
7434681546159836459,1578.6909498279506
7414297074470014238,754.9524043623048
7390553609244560671,141.99643316389495
7385014043808992555,3296.295689466089
7390937029753933102,1643.6263294760765
7418397130810854686,369.73344315684307
7432816875987406111,134581.62743975475
7420999655779044650,333.1535691031191
7389428304433990942,6149.662541824846
7428194108067286302,2359148.045280975
7390194767612611886,1473.8479411255385
7429468680485915946,18535.052741991338
7433609608888978731,1879.3913428127416
7428044485189274923,1862.3841669885655
7428429779160059182,1172.192796891996
7422118274571455790,12537.878618148512
7390137050684525855,344.6416198004609
7423913443142454558,1311.418390786991
7398742033713630494,14084.660143290044
7420624362908159262,1967.9965718670219
7428782328048143622,8231.785718426021
7397259985119448362,375.9199411255411
7407229531389545771,1073284.5734163788
7386458169687526686,251.37399584304592
7386464885141474602,60.49590530580534
7411705531431210271,704.7510297702297
7386100539181780232,277.9330346237094
7399827056843918634,349.3214263292264
7392023380188302597,9096.879001082254
7415471425735216414,846.3542939171936
7396823917228281096,121.99884469419466
7433618484812287278,171.57265490620506
7391263417140514078,314.6450413419913
7393190663510117674,4814.598130547231
7423162483109678382,320.70384190809193
7404291837151792427,6240.862478305026
7405352570924862762,77583.15909574315
7400546876103314734,842.9507606338108
7408006268687748395,938.9938719336213
7393893128291306794,1057.2666291597295
7403168206988447018,1103.026830633256
7421714493182381342,487.53562528027476
7397225019920682282,130.9744325618826
7389448777570061611,361.4528312409815
7420942027476503839,2050.4459576867584
7386839905298648366,608.236827206127
7433605551935868190,133.2026885725386
7400919607210429738,374.8396209956711
7425435365881695518,1665.267411471862
7407621205487881515,949564.3605981468
7402807582106127658,1114.2979383949394
7399840110730054955,1101.438100727052
7401695108434808106,1177.727510966811
7423552603142917418,325178.398423672
7395750994967039262,486.19100465645465
7419546838476377374,744.8560982905981
7416172877474499870,28157.21220587188
7402082619459898667,554.4491154401152
7392374113031048478,239.12010541680533
7399792116072729899,6306.925188117442
7389101369275338027,1051.8981673881674
7407294057321336094,1907.4442885003893
7413175678960520491,264.8804131535134
7394212359612419374,1951.1909662337666
7419469518411468078,4604.348373248977
7428029094501027115,17339.803834848477
7406521865541405998,556.7805827561333
7387183818148515115,469.70202794982765
7418002057451392299,313.3328453490956
7392804766725721386,265.96081828988014
7416106744494984478,365.26588692418727
7387548747284155690,126.72344588744588
7419086108245495082,9276.645154750797
7432830055698468127,548.4662511544013
7387981649809591598,656.8047308857807
7405347682639826222,249.96013052503054
7393916221155970334,328.6240421689421
7401638883546631470,302.7925256965256
7435074149669719327,3740.771226406927
7414251343621164319,649.1401926295933
7405018870278507822,392.09480454545445
7395756837359979822,2071.4960213286713
7399467825015950622,37472.42288896658
7423919155662834986,11032.802317743373
7407603746093419819,780.6685214396716
7401357571082259743,238.0717592241095
7396174710377221422,888.568244799645
7425397606479629610,47172.896965623244
7386065167064403246,348.04951587301565
7433614121737719082,122549.91160356315
7392092395963206954,6887.018388120948
7413939204876455199,211.873766031191
7390172957185756447,615.4651657675663
7425109501809904926,1133.012027084026
7387625911538945322,23057.29977615163
7386069192019021098,8140.366794194687
7393174723808464171,353.61935292485293
7387241370051693867,357.57034444444434
7387219313289121067,479.6234283438783
7429160527449820462,1685.6690260239764
7411352047469088031,409.0153052447554
7428382973721988395,232808.35701749916
7405388498468998430,1046.1618223110224
7405047752037797166,14152.895350649358
7423195345099705643,5511.674445837497
7396488939114106154,366.56629435564463
7400192588877286687,456.846199067599
7407607111678512430,168.71931154401162
7402011081440267550,261.06782373182364
7391251622774541610,69426.04608122984
7391992834976484639,466.7995182484183
7419076315476659487,585.6141507860558
7390503949897420075,13172.463307864364
7395732410870123807,3248.9309799337902
7405767487108812063,8204.339574386719
7400187499794025774,311.1141467754469
7415458037046988074,1466.8198344877353
7416142382212713759,774.9470231546223
7410991347089378590,327.2683484126983
7403912506504187179,1295.1102860694862
7421679207815728427,947.920326062826
7424351218144709934,336.9642135025103
7406155646153837855,439.4729937284931
7409890085744807210,125.12777601842599
7384212997520067886,325.81624773004773
7397616819151916331,7270.630653957156
7389429678404029727,252.324380724831
7405736830219406622,53853.56014602621
7384236102875368735,232972.96672316556
7387980765243493662,289.93676254301266
7403519853862178079,21922.077626412465
7408351356525808942,3019.783160167613
7398720186737626399,344.14561959151985
7403161508672245022,480.6898738095241
7403893469695020319,8512.595346003996
7423597566115335454,3280.7603093295584
7402053073448832286,2258.6014057664547
7421360776801209642,853.5174528527025
7395712557010537759,421.45472372072385
7392749625045781790,744.1021848151846
7394650615156084010,30283.762459740257
7410541370093423902,1743.7483435564438
7404267979208248594,315.8979969724721
7401338559204019486,330.06452100122107
7405361793234865454,11052.673342340986
7392370042941213998,59099.87777391494
7406493407687970094,3643.552076634476
7392386818269809963,105846.44739384502
7393842368019057951,890.5556828282834
7402456718308838687,184.13373315018313
7388668694462729502,306.4372461926963
7409073007114620202,255673.86388636907
7385771740271545643,345.15916312576314
7394270243926854942,322.4838313464312
7407670520440720682,1409.3548382284375
7419132592773172526,1113.3231471472968
7400627640303914282,2716.9010017649002
7409499405562219818,347.3144924519925
7384595929703140654,110.0964714896215
7423179350792588587,17681.686251803763
7407236185472371999,3470.187523631926
7418378717161852203,1598.8675685956198
7417230570536701215,937.9321728660236
7385027543277096234,986.9668110167602
7413194687755980063,1084.9927408924416
7396825963792813354,903.2241740981241
7427653238553562414,406.14107386502377
7412412542288481567,853.2485763847269
7420196927607672110,2138.5206733599734
7401666816814189854,292.4624590964589
7414294214424415519,619.6620723054726
7385337594139331886,281.18746861471845
7394264918192606494,1654.4254318514827
7400609116051344682,684.5692730880227
7429468842172108075,351.08297044067064
7426555900174863659,520.9006073315578
7426918014580198699,713.1763749750246
7387586687729175851,314.23863518703524
7411349388640931118,779.6212578699086
7389778456608886059,32645.61783904986
7416879740419624235,19163.46509730825
7386467156592053535,308.8014155344654
7384938675731205407,1068.6856362193364
7397929197076745514,257.2346754190251
7392030268380417326,1799.0615914862913
7401325462154267950,714.2483800144304
7397190876868463903,3680.1720193528645
7403207943971261742,299.9064144411144
7391307523669642527,371.8756732267733
7420633251494055214,355.7957429348431
7403120169280752926,870.4702751359756
7387945474340195614,323.0954843045843
7425786913950371102,1417.5722649350657
7387169456646081823,6078.200841046863
7418042125029231877,293.63113902763894
7401288948091260191,296.44823989343973
7403167299861105962,197955.48611313116
7402455325699296542,1632.8834586580083
7407959001876466975,1434.6475403263405
7384612032558976299,1512.9803217560225
7398666988853169451,79155.68519750252
7390155880957791519,312.1884255835669
7418370168985816363,27199.49098135753
7434718716899659051,533.5355400099899
7428392239870627103,1414.1460353479858
7405819019913202975,978.9525058164057
7417290527718018334,334.4349106005105
7410183888389311790,2947.066266083913
7384658576314240299,461.6811687590188
7407128827744374058,169881.0232287158
7434682860147150126,1352.7819360250844
7418755946899344683,856.5825026529021
7396847579956350238,16616.39312343212
7405746618860915998,127749.14276017321
7428790374765825285,254.28156168831163
7393585323265035550,12748.81978053058
7384217445483023658,662.8157459151955
7410953111407381806,1036.121211505162
7434336136325008670,859.4232716727715
7433960739297119518,347.0619053391054
7389800171820879134,490.9830263958264
7411294143453908267,18460.148119669222
7404625387713580331,275.77876674436686
7384564522704473375,274.3620611000109
7391676969928150302,910.8087746364753
7413571690506046766,7761.4305656676615
7404980054305819910,4307.253463419914
7410921495486156074,20323.841247122316
7408330551997828382,1333.8407202820058
7393859627189980462,1301.0492059440567
7401260231151439134,121649.76939570419
7399410911917755678,3637.7300479020982
7429194506567945518,471.7195905649907
7423545343700159786,318.37932807192806
7385759536860204331,5548.46391170496
7421332066609958187,1653.4979020979017
7409827060790676767,706.823984421135
7392768510042049823,441.8463728715728
7393877888157764907,1615.9512694805198
7423601326522649886,709.7408651325795
7412094504733281579,603.1849963369962
7397634921117994286,330.6859913808417
7408346008079387950,1006.1238109446108
7399099730459888926,324.5619168886668
7428402455668411690,390.469894372294
7412482936546528543,5655.321500460652
7432806064627961134,480.6128377955379
7414279868591951147,929.5334036019543
7414357488562113835,987.1502962981464
7392379092047236394,4818.913342712841
7424328725845626154,1432.9845424242428
7402030212642393374,9675.305690476189
7413149414702861598,956.298586144411
7394939279719533870,74480.89196354755
7429495331806530846,1961.4258346930847
7384208099479063854,498.35032118159626
7396906624683740458,667.4585447829949
7390130728203291947,335.94198836718846
7398325834991373573,4773.776630158731
7393533099671407915,1274.5984956987452
7418783068321877291,899.9149052503058
7416151610063113515,1884.517942934843
7417974793569340702,520.5168087301588
7426145740222762270,645.1385956265962
7387913861229284650,845.5132376845377
7422862437629578526,299.06282561327544
7425056551435570463,255.5823188060305
7402463776294964522,385.34478708513683
7389465990268079390,2427.3724065601073
7398011413949680926,1009.7149407092908
7387940894655204650,404.0951041070042
7429151801078828331,1248.6796142413136
7425049888284478763,3138.284019769119
7397610200854695199,212.45358671328677
7409477636675620127,2190.46318934399
7419906264303553834,2285.4236068764562
7400916924227538219,18905.254398862246
7409812314498829614,3900.685057146123
7418371126126054698,62.78037481962482
7387904107031366958,2593.9711956709953
7413615471401979179,1483.9859207625711
7417675546617810219,253.40836079476088
7405412220718370091,150.26199357864357
7423552599485336875,17538.965510678205
7392380111326154015,744.6814332889338
7429181376232017195,39763.68685679322
7404639944607665451,426.88497969252944
7386481141475298602,262.48010888000897
7405740363828301098,1326.2155040404054
7397980329518075178,552.3803453934955
7411321845099646239,431.4279010822512
7407647335175458079,1758.8202313186816
7426204568502996267,679.0501055056053
7427673339801390367,1037200.3156071992
7407964198166187295,441.57803697968683
7417640663916891435,307.33838001442973
7421334231349054762,431.7725109446113
7394643458809482526,67654.23311608947
7393155109699603758,171.8256056443558
7389055343579483422,641.8176938949941
7385376428725947678,279.9163352813852
7404624283852361003,3203.309085914085
7393888991365303582,10002.225415268065
7432844466836311339,2074.3009312197605
7395021216920161579,8201.697114430013
7417654823195184430,6278.461029520478
7387604921912167723,325.6468674603179
7416878016946588974,3229.721705627705
7399051885220482347,787.9206470473971
7432904961949814062,435.24613383838357
7392062738950049070,827.8619226329225
7397608932140698922,61.78023434343435
7426951407426653471,1732.1907756687765
7414643627948838174,253422.29744814077
7413529952567561503,17255.249989749125
7407659871333666090,148.83475916305912
7403547364838886699,448.17250972360983
7387568270217399583,1403.1490942501937
7402038213172333866,179.04046651126652
7435495550570777886,214.24334471639474
7384226138840780074,571.5816492784994
7426156184987503915,40371.94609690311
7403888715833036078,592.616624947275
7412481194941615390,290.88628320013333
7425767818714434847,117.82415006104995
7429176531848645931,683.5336230602734
7405750778125765931,1987.8167335997334
7418423349757513006,92.59330190920194
7394956769426083118,617.2954198579192
7388275824815852843,318.31604206349203
7413929238719434015,534.7504839216335
7389395546789694763,641.0726071095572
7426148763854621998,9052.760628532578
7387623253986037022,198.0632953657454
7412445729928596767,64.93563542568542
7386794274102185259,382.42761062271074
7428060179461115141,407.2633766955262
7396096330948513030,234.9934246753247
7397988938532621610,520.0400919746919
7426127560964050206,128583.06366225444
7392406370055687470,55621.602566394744
7433963610726075691,697.9952755466754
7385759988091735339,25468.935025446775
7407960793028873514,1329.994685059386
7429470210681212191,791.6273076035073
7424347815742180654,1009468.2841588021
7394978393663507755,389.95857420357436
7399451856621063466,1184.8766362554118
7413177451888643358,3392.4523932400925
7420983408433712426,1532.0945561327567
7421311901050703150,317.0438801420802
7395369348954688811,1551.97280363558
7385310508477451563,1927.5494618270602
7411752500006554922,292.9466363858365
7418019661444304170,7276.219404617603
7420214805220429102,524.7914163780664
7408035654761860394,7402.7742359862405
7421699671292202283,499.99602034632
7434381736315784490,121177.65289591525
7434393335806102827,676.579158325009
7412501079780461870,979.6069358863357
7434741237187415326,30369.234369719197
7415009288768277790,278.8549614940615
7409887785135426859,1058.8607794982806
7413951037972696351,258.9282930458429
7386467978436545823,299.9977489177489
7406188213590560031,490.98894025974016
7391330803961040159,609.7382941558436
7422102363718143275,1022.2168665168165
7434699757190204703,298.44848593628575
7390522133274709290,491.1446283327786
7412450576073592094,295.9827248640252
7384993660284226862,1931.6792792096783
7408346024743390506,290.26621913641924
7393104856418012462,2200.129993073593
7390607212562877738,4836.903312559663
7429527771795213611,50368.74500312469
7429115416200514862,19240.169151365288
7397989780933446954,884.7439957653461
7390168145002007851,309525.06020252546
7403489412010577198,1199.8170105450097
7420202525292285214,295.6438681635357
7407662104221617438,302.0804754190255
7405018691387034911,580.1114127317123
7403138903194045739,1407.310766622268
7411339138198326559,788.2140722222229
7423536406099692843,656.9564475024972
7400583379785108778,613.8714293317793
7391659601374104863,257.7074137529139
7394231880704347422,833.606281191031
7417973902871104798,315.7750890720394
7433603152902950175,282.44086151071144
7393476186833276190,1260.618603807303
7415040349732637983,186.00548116883132
7407953814550056222,294.7956711677211
7404259169257147679,171.04308157953162
7417996688855469354,6006.35138346327
7423217575309348139,395177.59329831856
7423597346644069663,122450.61325977348
7389412793562189099,11219.796673998231
7427301817861688606,8058.739932833837
7400625372892548394,534.4306836441342
7391692231582698782,1735.0681792929283
7419112522751495466,1277.9988216894226
7403548514522778910,320.47621566211586
7396912869155130667,615.49519016539
7435472789781499167,505.1440751470749
7416181436585184543,384.2676417859917
7426887257421958446,19942.780237223873
7423186010734906655,8237.5516970141
7405803983958199598,1110.2406302808306
7411721527541927198,78.72832490842488
7418021041810738463,78.8624024531025
7398682276789374238,330.6667499833502
7421682680078601515,520.072922832723
7387578272801934623,1071.1438563714066
7415840585912716575,539.3154276334781
7429540497309306142,71430.42583044732
7418711218753375519,279.37389150914447
7406144232680983838,37919.97101424134
7395757891275197727,1783.0252135811868
7384650381000707370,355.2422909090909
7412502563435613482,516.2621113997116
7429180400351710507,1302.3552185148192
7400537034437201194,6135.3035797891625
7386834799316471082,1034.7303376096122
7397991323946487070,260.436002047952
7415744662327119147,893.8321094960598
7405448271184842030,560.2587612942614
7412467578381045022,302.7081434343435
7384207738194152735,209583.04355656562
7417625659117210911,1790.9554930236438
7420652608177671467,165.109869053169
7394304270792740138,363.8285760461759
7413597389694520607,245.77631522366497
7435145254824709406,4483.359736735487
7385021925359193375,278.93049971139976
7406105632471928107,1266.4208541847045
7405019733315177771,1595.1034394327899
7397248928216878379,7980.040630891331
7411289704735214879,6045.361624971755
7424687664772746539,70325.29476850928
7416912243868126506,246.83382110667122
7434328854686223659,836.3594909146415
7412430385163930910,488.5557206182708
7433245977491852587,1435.199779847929
7409133913538333994,156.33910412365412
7402796873834155307,15084.191400360754
7427626452796837163,165.76952481962482
7419873333925121323,397.08248649128655
7422855985095576874,402.89286984126966
7412485597073329450,2054.2253209401724
7400910404077112619,297.06155869685875
7425461564997750047,1514.502684559885
7395392344788421919,6317.426925851927
7416195706639224106,306.1451790265291
7396465420112235807,712.8162861471868
7391676062066904350,16670.40129126984
7420956502799715615,2512.37996971362
7384965723157908782,382.39866091131125
7388736058030279982,280.34168721866365
7398764903433063726,672.2170652680655
7399069544125369631,1504.4040406482409
7405726670944079134,1252.1887797924292
7413570592240291118,868.8979368409365
7401646933829258526,38756.13176578426
7402068083394809119,511.0786419191922
7424326432622382379,1090.7336159451652
7385345708569693486,1389.8825885614378
7422109219245100331,415.91590353535344
7425447425608781099,720.107388278389
7396165030577786154,1287.2842551004562
7404661490793434410,913.4689365967366
7397625282879851819,376.99580628260605
7385706382315539754,1185.7741098124095
7428387669748600106,13817.142382850481
7388007929259035947,388.36136454656446
7425761745060334890,760.8606376789878
7402753264329968939,761.1142108613609
7429131696487910686,1361.8547629093132
7421724216124296491,788.5136245310256
7389437300385516842,9703.5239076701
7418731282881973547,686.6845557720059
7394993627501514014,1443.378422377622
7398759681117752619,175.86376652791648
7420565279639407915,853.8656018759017
7418333689840422187,509.559436435786
7423571586197802283,1155.86744054834
7390900486276140319,34.3862639249639
7429483207554239787,650.2057108225108
7416914910610754858,271.48259855699865
7397200214332804395,577.4179259740256
7426543075331214634,641065.3222041681
7386073290495986990,296.7715912587414
7433271089498934574,752.3985131146626
7395727968158387499,385.4358460150961
7397628773505469738,287.6745001276501
7415421255286852907,222.7471373237872
7385688108202773803,476.8039473970476
7392429503244422430,5892.935105888556
7400203776860245290,398.07263787878776
7398309651311234347,10110.71427765567
7400573500932623658,4342.012879020979
7415089683820072222,4863.68400884116
7418763502552354094,561.0795946386941
7421678934355365163,772.7834428349424
7397961414456921387,172.0490915140415
7405768514759380255,1000.5585154401158
7384194290215292190,367.7557934343433
7384220441553931550,7090.103795437892
7413563173460053278,273.8326082972585
7419105249551453470,1297.4576942501947
7390147128095460654,14218.816311000119
7412042082845494571,326.1014478354975
7390526890731130155,147.2255930624931
7424291475522997546,616.2147948440451
7386844372823805214,442.4182621933622
7429479633801809182,130.52469128094123
7397238220934630702,475.65274862914845
7414299450413174046,5098.450692809477
7392380158306503982,21940.972046647796
7409449566048668970,1113.949452197802
7393521891736177951,5297.9100531024515
7387204635402226990,329.6560202020207
7419496887725706526,397.4354016594514
7387191587433958699,680029.4316968583
7422055129139907871,323.0601973359974
7407958733927501099,4681.087651809299
7391684393229733150,416.44118461538466
7423578095937932586,732.4314090409592
7394287950034423082,328.5543666389168
7387977806220725546,283.88257139527144
7415018583157230879,456.93644963924964
7412436688116567342,333.67706006771004
7399492643299822890,749.5952800699299
7422072346523028779,479.5179514430014
7414662367805492522,2067.422095249196
7397651127405251882,1378.9568312409822
7421720822710324526,880.0227437229441
7385661030044552478,9204.396756426904
7387210998807153962,397.0286299700299
7429137248978832686,127859.5791347652
7385378949473340702,679.3260266455768
7407946642332126495,445.050974087024
7429474647705537823,4016.542361471864
7419087482718899498,2371.0299620851374
7405755305310571806,261.72967972844145
7417962811327778079,41147.170969302955
7386805681329917214,22316.528158946618
7385326811380550954,9970.34601464646
7424662171113573674,2674.4355644633174
7419114045502000414,425.6604314296816
7407615061453311275,12577.111798917746
7410173970349133087,478.7355375346874
7400605288950254891,285.67087242479755
7417599532331978015,419.35698866688875
7426887338879454494,708.5335867410364
7405422473107295534,359.407346509047
7417994164467420422,290.2349292540793
7394611768279960874,578161.7660801422
7411718440349650222,195.23782799422793
7413978540145691934,514.3789724386723
7400587994861767982,27670.566738600293
7401672503220948270,1830.6175969197468
7428801242513607979,3146.9538271728297
7424695519026449695,563.6858571262065
7406185415310380319,6624.528622582976
7413180232292666666,5493.0671363192405
7392737828322512158,126.17607673992674
7416150036423167263,1873.3659376623384
7421759909626252587,343.73760044955054
7428405699882880299,376.5400961260961
7426580353407683886,41457.12541683319
7396131712410930475,832.6201754467755
7409880060510883103,372.7128394438891
7402437259645209902,17031.315446725486
7410276316173421867,288.6477779886779
7386479017668431146,2233.052664324566
7417286565950459166,1572.8502824120317
7390959568236416286,283.76336832611844
7418426073605573931,1447.2523243589742
7400920403461377310,824.7161806009357
7394683396213017899,492.03826114996144
7426509589551631646,3773.5300558164076
7413941764811181342,3634.431674683485
7423187689568095518,1142.8480004828493
7386836797763898655,1393.9778094516594
7414639136956501291,901.5890675657681
7410586725015194922,11997.504721667226
7412486808686087466,529.8841309690313
7421356689506733358,197436.21597478076
7428413327778319659,9743.999360372956
7410594353971809567,1410.9438450271948
7416206642078895390,562.4330214174714
7423619917053807902,238.51570144300138
7418811331714813204,277.16540512265516
7412500704549440799,275.34882906537894
7421716009301675294,340.34749670607175
7402760736520375583,145144.0498508657
7387940079987117343,21566.880591214336
7390547712262933791,140529.18674927845
7414336594489986335,4178.444610606061
7384583807111826718,716.2374069208565
7421700147978964267,1483.068419386169
7391631415458286894,12003.919923265621
7414302742098791722,3212.036560417359
7427240513650183467,832.1947975246981
7418726047237082411,380.822994982795
7409871202946272543,272.88442210012204
7426880047652326686,1018.548532239982
7387607338376498478,207555.02354306253
7385335423687527711,263.4774027583528
7417989238072905002,12903.837520202016
7419090879832411422,1041.43742961483
7424340079755283755,1083.156688777888
7399434335159323935,315.58917127317096
7393876121831443754,905.5860210289719
7406092056805903658,940.2623686646685
7398300188072299807,297.8936712787214
7411737910036286750,859.4995426406934
7405813426917838122,1245.8497190781443
7398693904343682347,115.82704743589738
7396480340593937710,1038.1371571206569
7384938782707125550,95.50777732822739
7422136488223051054,1212.126707797757
7427304593211526431,89.45837709790206
7399049776521547051,319.9796408369409
7404977466608995615,17397.669856515717
7415369533105425694,225.70179407814402
7408692638674717982,2969.7064314851837
7406527774657187103,1489.4736219225226
7412075497997356319,5354.684352863803
7409153646144883999,56.1998549117549
7419102043446578478,1822.6423925407926
7406162407258688799,279.00438036408053
7386437133772344618,436.72774454434443
7410550382549568811,466.75856958596967
7401285975407824174,292.96346657509145
7389409876788677919,199.58019168054165
7405018196538887454,33.20874476079473
7419834179300609326,1658.3531212010214
7420237283502198058,1730.9862918081917
7408414454246870315,1504.6748865578857
7428786851328068906,412.9099653679651
7416132061720825134,704.5548016872018
7425463726431784238,1514.6012857364858
7422136445646687530,1097.4918085220331
7422108065907903787,1168.8770316905309
7404637204921765151,3462.859999062049
7413532885845675295,458.9508859973363
7426882962580491566,422.9756261738262
7433631845595532574,615.6813015151515
7424690126892158251,16014.032828354979
7394653231030242606,128.72875194805198
7423572891662306603,4300.861082783879
7428398860076125482,40276.29166940839
7387934921131576618,2745209.825718665
7405797687850716447,4355.851085303587
7429194802463280427,330.14257073482054
7415079556630990122,181.45923075258088
7421769778483711274,1058.2861987012986
7394267340382276895,612.5277471805969
7428741169024208159,575.501483072483
7401318232746921247,218.31224516594528
7414713135371816238,976.891026190476
7423255738849709358,530.6632730103232
7413557456401468714,1478.5399240981244
7433973547501997342,374.2382294094793
7418407322931809579,407.3651114441114
7400153918958767406,148140.55137208907
7397232878892928299,436.08353114663106
7387962408058227999,494.47319917304935
7412097031897992491,3593.208796048394
7386826547283381534,249.6019105505606
7391270982087920926,212.70996797091792
7411346602905980191,343.60969888999875
7427257243063602474,42977.56413202906
7389081273282743594,1122056.1646360755
7416874334221847851,34496.93928382728
7404630520371350814,486.8936140526142
7426928790410087726,1447.1928695082702
7426130132433128735,867.2921933788435
7400200705757285662,2314.06236093351
7391694418182704430,1214.911028121878
7426498211457551659,963.5830526362529
7391270074402802987,10691.718282417582
7386126427684621614,649.1251799644799
7420244972831722798,1163.501293006994
7423939978398305579,838.4545492118984
7395371145811234094,675.7649701021201
7408717840070511893,3488.2530510101033
7405360647837355295,51582.775864208015
7428452743657934111,1223.5193328782332
7392048635258719518,12013.102355988449
7403175481480154410,169.78644248529253
7391295277342182687,241.15376551226566
7404999752087063838,420.7824131313128
7415795083406085419,2037.2383312631807
7434718322786143531,2721.069394993894
7411731455103094059,450.15258854478856
7390526842165284138,282.5063667221669
7389791569789963563,744.7645765234761
7395763173988535598,345.6969724220222
7395014968787193131,447.32688384393396
7415376817533603114,104391.54862562989
7393871366346378538,163.83525216450226
7405345256314604842,868.78148991009
7392013294631931166,1039.1772479575982
7392765150622715167,804958.2411602013
7406494219919002911,357.56758608058607
7407958796313709854,16161.798647369289
7405005328649030942,861.5462330835838
7396486794285452586,475.38209300699276
7392071545776098603,739.0896655899654
7414326939764149547,234.86299196359212
7411660552721796358,326.5899523532025
7415074771622251807,18650.530630647143
7385375072032279851,302.65085512265495
7432890646857305386,34926.43327131758
7394214920243399978,1154.7803039294047
7435102753518554410,2566.483517748918
7417277363672730911,267.4201992618492
7389045875340774702,396.50562640692647
7399445331496258846,408.9283462703964
7392789232990866718,419343.9893785106
7423566852946677022,140.58577483627477
7406127670599126314,403.27569734709704
7409445276374584607,479.030656055056
7409070939159186731,596.4604950826949
7426571622296997163,195.11440255300266
7402761048425516319,378.8114812409816
7405388216347479338,391.1904898934399
7400939914210151710,507.33316928071923
7434731068416363822,2030.6375911588414
7409063076420439338,1951.3286653679675
7414292036938927390,260.4373893217895
7397591399752846623,388.7363222222222
7415802972942142750,388.1331233433234
7427697244360527110,5441.4914365467885
7419851640221502763,353.2760891885892
7390524849149725998,286.90539525474526
7433637669248175402,384.81033275058235
7386122183858228511,2361.123736408036
7429484852426067242,15999.919303063607
7398341588105186602,621.8855651459653
7402475447348399403,10073.256075141533
7408787838575185183,562.9683834054837
7415033265473506606,298.79812099567107
7417686481138896171,355.53424018758994
7415735891953519915,472.40027120102127
7429156435293998367,161.3501155122656
7426959391649320235,1149.7217231379736
7429504690691312939,14797.41149799645
7406521533587262763,1619.8961513708532
7415451125588954398,221.2791032467532
7400183156349111598,414.31004981684987
7393927459772615967,598.8307983405483
7427280797314338091,1161.8387215728712
7398344376931454239,421572.4033493035
7424330914492108074,181.92323230658243
7402417419257482527,15961.275120546117
7403520217629904170,232256.0431233545
7391697441206062367,565.6322123376626
7394269507893710123,9659.609288633595
7410572452264250655,365.14556329781357
7416877283882929451,48228.46658166831
7424678877689236779,5077.963362237768
7417637732002090286,198.32205424575434
7385763054316981550,328.018968109668
7401707036314062122,237.07909476634512
7385393224363298079,470.0974404611729
7402032588438670622,37093.44545108783
7419459162779733279,5574.317593389943
7388367973787979051,413.3634300144299
7415076410324225323,410.27056103896075
7395349771193453854,11999.372118942163
7402769289738079519,872.1192125707628
7392012158646701354,723.0872192363192
7427313660143471903,45.04720530580534
7415057200667823403,253.6834914141413
7388656616301759775,295.6597296980796
7390189514901228831,515.2014091242091
7418006847904288031,61.59784473304476
7415783597669387566,540.7788085137086
7408411349820263710,286.9192604506604
7390929553293659435,936.2643263347768
7400560899569765678,15907.869400685418
7409521936637775147,358.0489318514816
7390560179575737630,202.3417925296926
7387907239320751390,701.8076850260846
7413896378117655839,561.2029209956712
7390150870555528478,1118.1090001664998
7389060738293288234,814.6439114219112
7389853919880514847,849.2067016872019
7397608625608396062,428.3060266955266
7386450995456347423,346.5251267621268
7384569017698192670,31160.2821384338
7387994361423809838,1832.9394811688314
7428008341751778603,9041.530767593515
7391676165418716458,369.009111926962
7408007459274558762,1382.3879512987014
7409872782395280682,280.8905127095126
7411328342760246558,409.1013607614611
7413953795765357854,459.37766080031014
7384205838946159902,6843.322302236659
7408777903455997226,805.3865907925408
7423590217640135979,7129.837190914642
7411313010469375263,327.0033087995338
7409817456098725166,100.5094529415029
7421027348503416095,419.75589147519116
7402031780259187999,3106.3418798146304
7413231410368007454,310.2639444666444
7418796798543760671,975.1349655955156
7428400373469121835,164.00439189699182
7393534257869655326,310.12420458430466
7384646781092564254,1222.0144897102896
7392043535823818015,457.8820028804528
7412501848449486111,277.8009104506606
7397202894119914794,373.5250539682539
7398375738509921566,711.4010041125542
7413191358166338859,562.3458417748918
7389410299939523883,6486.505681626704
7405405618565025054,5535.9882149385685
7395380884729466158,936.4419053058051
7422804191980293422,389.45874916194913
7422055727092665646,312.8145170218671
7418059234195148075,1217.078715717616
7392439337444445470,44.287613575313586
7426201928159202602,651.2785404206902
7384615726096665899,556.1223751581753
7402386216152321322,2967.821123348873
7426145850578963743,314.3947954434452
7425060092753595691,309.55207519702515
7401667201138265387,7909.75602244977
7424373934230965547,591.7248126984124
7401352705811156255,186.12241553446566
7410928844015815967,25526.330781723827
7418811668890733867,401.3434280885781
7390907657181236511,15399.859346031753
7415824544738315566,1540.6563424963924
7417652512456527150,977.8655700688208
7384200797862579498,511.09672886002915
7384651538918051103,9820.976793045844
7406147347962400042,183.48075620490627
7408407440187870494,1431.0848635642146
7389405534195174686,3058.174637734487
7433242045277293866,133.74784000444
7414639409133292842,858.6183442723952
7428457010745658655,877.617873715174
7425861120734399790,349.79531452436436
7422827734713503022,726.3617846375854
7384991324551875883,267900.55550669896
7418021990528797995,1429.8978871572865
7422848513547062558,427.0245909812409
7395013590920580395,486.4476511544011
7421005258362572075,179.6535702519702
7395345176157310239,3530.0142933954958
7411293980782103851,2227.0282402597413
7409899772582104351,438.0240876012877
7411355950931643678,1669.8460795093797
7384210748752366891,7062.314324314572
7413199182321716522,568.1811584637579
7404661122374077727,13910.735991225438
7390548344591961374,834.5510831779332
7388002989950242091,2512.975255561103
7423168319676484895,46529.994715850844
7389834446398098718,1550.7425930957945
7421387240770768159,1684.2721026695542
7411701659039960350,460.04883204018216
7429479586175700270,896.3947446886447
7428354965422296350,374.6016687867686
7426165053751135534,1270.6316672716166
7396449474270334238,9329.696100960162
7400590618671500575,120.27143320568327
7413226082117127467,13902.666919852372
7410916635885735199,384.5116096403599
7385700771943271710,320.5327391497392
7391674164958055711,341.1239926351426
7434332219042204959,371.0534081640581
7393174771845909803,275.59294507159495
7394665196377165086,1359.8454057387053
7426176712678853931,771.8949502331004
7384612071989595434,3472.2708206460215
7387917671133711647,188.53783326118332
7392410545397321002,4635.992176479075
7388734732189617451,4334.234747796648
7409097772030348574,960.1760016650014
7402770216675036458,6041.104792640695
7393484559339244843,375.1818787878789
7419844485183507758,102845.80959049008
7410234961267166510,7476.172998906648
7415052449582615854,5861.585987201687
7426193187389082910,413.42759251859246
7391275170121452830,46.353197186147156
7419080611928771883,1078.7213478354977
7412103961454628142,687.495546753247
7421302050690026782,2904.356921645021
7385391242013723934,299.6291433621933
7395704637589916959,61.32918080808081
7423612668637990186,405.0407134643133
7390583732639501611,1067.2022722333222
7402818629135240491,24981.55314833498
7429521137488416030,751.0401521867026
7400974734609108270,438.46627121212106
7403155002837044526,394.92589976134957
7417670279205309738,307.51747677322703
7403923427356183850,1141.6019995587742
7391678878466592031,1494.4294701298702
7435056809792048426,8444.90769140305
7407261347248950558,253.29898165723176
7394214775208693023,381.37088719613706
7405796677854055723,5766.698714191365
7397225642485353774,322.7448837939836
7404236881422060830,12899.903572910433
7420199931266485550,1081.4731190587202
7398769156398632223,135.60411118326118
7410972324746317099,332.264940909091
7409063994306186542,1642.1821347596854
7392774738935909662,366.76332082362075
7409133026657029406,984.5324358585856
7386072526209715498,1368.6213169413913
7413515903180098858,1993.5898394660899
7416936636124040479,56910.59566076147
7420240066334706974,608.9194690143189
7399828911334362410,56089.22912329056
7393855729213377838,576008.9155291711
7428414259564039430,11220.285769386164
7409429508723363079,308.09542326562354
7412435650852556074,705044.1985819632
7417967022186794282,1935.502334759684
7412076007529762079,1258.0083938061932
7399882537646034219,758.9776032523031
7410945072314813738,3299.938097416474
7384978786787314974,150658.7853966812
7427278921097596206,9177.085257753353
7410571683066596638,13031.615753441005
7426158394865732894,309.65569025974014
7423565138298653998,30558.53940508384
7414307187301829918,26412.519270762576
7415640308932791595,809.156267566747
7420625907574000926,1712.5212603396617
7428774062236699947,200.65314110334123
7429172082665098527,1011.6623960150957
7406112967122554155,1368.0410181596183
7399829452454153515,675.3770326950828
7403945581816581422,1625.5587214840723
7419110357190348074,1598.8796623432136
7425100582362500398,497.93029411144397
7386115528089292075,60415.024925496706
7414328394302655787,292.02174663669666
7407952814707707167,36176.47677986133
7403215592431406366,400.9806239538241
7395728179446418734,195.51469574592068
7416128369642753310,334.93896284826275
7384649381527522602,473.4945114718614
7405386953018936606,451.05829681984665
7427246029818383658,698.5000145824762
7432895600074509611,8851.43388996559
7406127541037157662,276.0052343101343
7389110637177097515,8697.194529220778
7434406819713355050,780.2095651880794
7393526113064045854,547.6814261238761
7384588991645011246,543.5667381118878
7393477524841450783,168868.04586418023
7428431341378669866,168.6099889221889
7409854443404987691,298.9838476190475
7408009812694388010,1574.2390349317345
7408723859802836254,19616.668485564438
7402757397040745759,306.3128256354757
7411708779101834538,1253.488655810855
7385711270911020319,1663.7973531024527
7407211210476768554,19751.26603391054
7421357977300487467,286.84012147884795
7417251342273531179,278.6336481185481
7389486969291558175,519.9947723776228
7387225453666258219,438.07480945165963
7434737756632304938,3025.872396819847
7422863792670854420,276.06387972582974
7393877716673809710,398.8316393939392
7410935561197767978,2012.2166919799133
7389429298513431854,423.6117373126876
7386847224535338271,409.7682216172717
7434319962510003486,354.384555411255
7435093289830763818,9936.652072932622
7434725332504038699,1574.3309765567762
7426190413448416558,311.8895210733708
7410591371179920671,23124.151304062594
7395797165081120018,302.20468372738395
7397858276051848479,124377.4916780663
7389085358765428010,996.3364175602169
7426508186829589791,1131.0449216644465
7386808668253211947,352.4819607337106
7429550850130955551,1040.3425006493508
7408689199785774379,338.517364224664
7410208537277697322,316.23416284271286
7426581966616661290,328.61806266511286
7433233843039128874,4517.103762914864
7411004769935969579,411.8580376512377
7407953193964981546,615.7879636502385
7405004465163521322,342.1542861860362
7422820823485943083,392.27570522255513
7410615485181611295,2005.2390705516696
7390549844642811157,787.320414430014
7405384879820606763,1126.1743360750359
7424276988698938666,3881.173503102452
7395742778300321054,635363.3505859079
7423221084461239595,878.0156198690203
7402756942117997867,224.35028790653794
7424290086474452270,484.5272926406927
7396106112946277674,521.8175373237867
7414293025767132458,19484.751664313473
7387172298576481567,32966.301174031534
7395377364697484575,13809.068830647118
7432808465459957034,4463.519721717172
7427261049834900778,988.3388207736713
7399427337529429278,790.9300502220007
7435080724702760238,196998.5228720112
7408696909260541214,245.01640979020976
7412047249485679902,400.83218651348665
7426572787097046314,294.0428332611833
7414652786136157471,970.507184038184
7384658635915283754,203.48523194028203
7416886351141932331,220.42071372516375
7415422246107237662,132.95829913419914
7400901739760700715,2124.5517298312798
7409896220417740063,121867.61480202025
7425401813840481566,644.4365248473747
7390885698569522462,553.7353214396719
7407213087398432042,428.0471099567097
7428803584482970911,1452.2566980297486
7392037595783367967,266.447811904762
7422831079054232863,435.3210562992566
7423946528668028202,1553.0149028360524
7435145331588730155,1299.786121017871
7393884164115696927,311.0765545288046
7404665414262721834,141.559734937285
7402047185044458795,1927.64914021534
7434325592121642271,6812.977007886556
7393126972857044267,5282.897610267515
7412104607666572574,2556709.032139972
7407672624114896170,65142.84553211789
7408952916758809899,25390.182793151318
7409841014501903646,394.76373541458554
7405814088690945326,1388.323358169609
7420629384215661854,185.09668268398266
7401216473135385886,2516.9152410089914
7428744023260581162,11556.422703685197
7386074694400691502,322.7618133144632
7387551562073115946,449.2939726273726
7393887504690171179,870.7982625818627
7392423264657919278,649.5178442224444
7429536359775259946,572.2441795926298
7413163210586492202,87.11281999666997
7418427343095647534,1225.232324753025
7427239519386193195,847.4131720057721
7410540471920938283,7328.894440970147
7394240374769749291,322.20554761349763
7435433515371580702,292.63643881118884
7397199518267165983,297.3844153041403
7391656205074189599,669.3056935786431
7425463730592320811,319.16487402597375
7424679155326815518,5722.089795476742
7390941776648965407,170.6287983849483
7384975315463884075,920.7652391774905
7425404345899814174,301.1815157925405
7401367601827319071,2118.6264386974117
7424271137091243307,210.8815159118657
7427336346739674414,213.78252979797998
7402451370042789151,8752.278858441558
7419083184610020638,1012.709177890737
7412050237235236139,20173.669345992876
7405366255747632414,21452.86315984016
7397236729285053738,362.65791940281935
7389401052308606238,304.38040771450756
7423587347909872938,1148.2707006493504
7405005366590803243,302.88737669552694
7428021862732516650,505.67514971695005
7434684474476039454,1636.327607142857
7427674700920196398,10324.947936136075
7427677617534307626,266.69785151515146
7414703870137584942,7832.868591507512
7413968568519363871,7639.379618420468
7420597085763947806,1670.33735986236
7391707854668942622,3235.326665423466
7387953457883335967,8154.086063786212
7393111566373244202,550.636427983128
7432862608870657326,344.23560598290624
7398746412248272171,994.525642191142
7401269939644009758,439.2397721667222
7421325640093289759,499.9016329392831
7419884434129849646,16.08629474969475
7407986510944914730,274.3977383394383
7391662152756579627,2653.1359655844144
7409440263162072363,602.247128449329
7392400438450081054,91.03872741702735
7412433549002902827,232040.50214042072
7392010362306006314,543.8021362137863
7428760018683546922,1002.4796173881674
7424299548216118574,1389.2854521312026
7403879404184538411,209991.99608961045
7392366393653464350,30438.71857747251
7414285673793948971,667.4643770895773
7428403503611039022,158969.58786998558
7403179709447703854,659.3597150793646
7395702380962057502,459.3945789155287
7399047017093270826,298.1574751692749
7432830428601404702,354.1029228660231
7420197994655403294,1403549.058503607
7418363876762209566,713.7365566988565
7418023249105210655,3824.8647573593053
7414728859125337375,695.1714170496164
7415452173561171246,2535.8130821511822
7415366432365579550,74936.43114898988
7410939575067020586,1229.260897125097
7423567943436373278,508.33575916305887
7409100079493090590,1265.2281755744248
7400186775148285226,2315.4768124098114
7405422242064043306,524.8195137640139
7390187715951611167,10391.292496725493
7388288757750877482,24153.407293883873
7389094506659941674,766.7593186480196
7394256712141737247,315.2774103785105
7385005337599839531,33906.52693795094
7398318778544688390,308.6909213009212
7407572572998602014,11517.211675169267
7429510727162957099,15189.703197008545
7403889289056095530,8400.00571885337
7411366665675345198,576.3322110389611
7424684955181026591,486.3915416139413
7402046111126457642,277.899464141414
7433987334225268011,478.8037269452771
7425019681985072426,3555.9835159174177
7428748669303737630,305.95157835497827
7399109245708373279,693.9207237429234
7410641001276132639,687.4481056721055
7391994807121464619,950.5029788544788
7434697327912242463,511.2624549062051
7396894001615342891,136.6619863969365
7390563466207202606,2082.539264285714
7407231198910582022,871.6214420468417
7386444895021518126,492.2562339382841
7422797632474565931,5663.341949877903
7413896888467918126,487.56603012543025
7399116811528047914,382.5271637806637
7427326243256798495,189.81542849927865
7424668385394347307,79623.47696875902
7424734365705342251,408.749557259407
7391297011175181598,355.13442910977943
7399882442162572575,7178.222873593073
7392753239709469982,131909.29052640699
7420240423731432734,311.60060165945174
7386479916658740523,80386.49815394604
7401671748116073759,266.52017868797867
7401349194927164702,613.4810353091356
7409808195377515822,14043.693437851043
7429513742691470622,431.96075878565887
7415841107038489902,422.1757492507492
7428449985798343982,21479.907865129313
7390884949538147614,711.6228837051839
7423565359329922335,4057.7708540959075
7396115594002697515,622.7538136474635
7398737483032169758,441.1074747252748
7415785975164521759,18156.65518855033
7391284620718804254,12405.932797552441
7407942572657626398,25148.227796681116
7428772005580786987,3866.187253463204
7400572994130578730,333.61735878010916
7403887805530754346,953.7264182650684
7403861678703660319,436779.40707242757
7432805940665109790,42.638807176157194
7397935923729763630,270948.18904356775
7387549450224291105,982681.3690770568
7422805796997680414,322.3224384670887
7402820144449326378,4455.916503629704
7423905602075626795,3000.703498962148
7394233244494892318,487.6125736097238
7429114678594391326,564.8047712509716
7392023382474313006,275.2592542007015
7423566376339524906,385.27830197580187
7384975234455194923,465.67768340548383
7391313412590013738,704.0708017871018
7411314497425640734,390.322620016095
7388300575768661290,445.60976415251446
7402459256424811819,724.9792688311697
7390955703168552235,3130.043622186149
7403555594726100254,332.8347336940835
7394611721924594975,456.16983915528897
7393475101947268398,1163.1249249805758
7425077510485871902,759.6082861471858
7415439420721057055,346.75990139860147
7419108535394438431,3753.755612626262
7410545239913499946,865.5149566738819
7407601716838878507,159.4679310300811
7427277291480239391,299.6699261127759
7429494536948239662,517.2874365023864
7394276654580763946,568.3966399156399
7415784315440713002,274.1916373570874
7390573434113183006,3682.25234264624
7418363740065778986,4931.640302147853
7397247490451344682,337.8057231324229
7419885917193653534,598.6790316738816
7385409578894118186,327.9039512876014
7418391420458781994,290.51314534354526
7418047720272694559,220.66199783549803
7426142121813560622,378.9559398490398
7401282422483979550,167.545738039738
7428392245440662830,450.0330021978024
7398712692954926378,3587.5259282328793
7393184866998750494,1244.146234632034
7426645205954219306,3237.1265936396935
7392808241819913515,2317.9458789599294
7391713397437467946,1850.5166478909964
7392743370382380334,169587.62140923511
7421354261365263647,720.2279607448116
7425397323137682730,327.0741304140303
7427309396188777770,314.76357878787866
7433201211123191083,5612481.386071447
7422043647048207646,2598760.6404862413
7398333365394410783,95.0025829559329
7400926389282606382,827.9694604395609
7411698199473311019,65910.16617878233
7394637768917355822,1799.6404075313576
7423977308807040299,2776.2773147685625
7434737854028221739,1023.7743369019867
7417285567152393503,374.2160824619824
7405371741486271775,726.1733872072381
7423565447615794475,733.7835001609502
7384246234141314347,312.0956631590632
7415010112009555206,676.8188192446437
7404675602680122666,234.08289527694535
7414296285257141547,318.7446509324009
7390523524328213790,1617.1496155955165
7434006204269055275,3999.2505053335553
7392404524104764703,249.51378408813412
7386432525863750954,1602.1758582251084
7394238013087255839,1773.3112038739039
7402033365307886894,396.5918917748919
7433273614125763870,105.67875485070485
7419877697960070405,306.90905770895733
7403907021793283371,1099.6742007936505
7406146974061268255,1736.2661637806636
7419107614576889130,557.2305880397378
7410549605781343530,427.00812142857137
7422871160758619422,143.54476313131315
7421681017888460075,323.65957373737365
7384628990734159150,1849.9092835969598
7402379869973220651,289.5635023365523
7406476381699312927,657.3220033355532
7403885303758540078,224.13453462648454
7412397724315684127,679.5728077644579
7425072780091067691,863.842325668776
7416193458890755370,333.41477828282837
7392759647817501983,6779.484209029862
7391618059313712414,247.80046916416904
7413523453179071790,1452.444744899545
7409141282305477918,1034.391197499723
7417962764951358762,591.8678267843272
7428365177038310686,2134.0729325452326
7426173028536519967,668.031523759574
7426534529239747883,258.9804591908092
7425804025683070251,1492.6366864024867
7395001965681429791,9356.482342579642
7414304552649821482,845.609076967477
7397633175498886442,322.2550823287823
7401309447311723819,1528.1793162337658
7412420268628413739,3280.6055896825364
7425810821743234347,14882.069243351089
7419469291398991135,427.0672606782109
7419920115715575046,302.5350666666668
7395797472355929374,2048.512098451549
7410546208587910443,6405.104580280826
7426537411099757854,308.45718725996227
7411309505944014126,5657.251661877013
7399511829287849258,847.3673033744031
7392456452159425834,215.93989484126985
7410928245186530606,10232.096921800423
7422806393071340846,28431.900838184043
7425473112986127646,719.3604146464651
7392789739352460574,351.62229711399726
7422117280181407007,636.8974608891107
7429556138179398942,1210.4898465367962
7414270354371169579,1558.403084199133
7387972373737164074,363.42998629148667
7404303303523323178,206.50435908535917
7399794064985525535,223.6785197025198
7423575228766342443,866.4377499500508
7391272165951212842,212.24959499944515
7405785138220551455,503.1275507215009
7420208140328881454,188.69943424908442
7421726215226117406,464.40739668109666
7388695922991009066,1838.9431194694191
7407573631355669790,319.40687498057474
7414287083763813678,764.0745231601738
7394592740350397702,309.3463576312579
7389766090827582750,749.6991033855037
7395011225014340894,5718.312224852924
7394982302985522474,393.75810466200494
7385715521993461035,320.818824003774
7403963843250048286,23834.02207423135
7426555081799028014,262.6389956154955
7399798481210150190,5770.1226505022705
7408313822072589611,3017.4361501776
7415087716926229803,59530.20370351314
7434751498032041262,329.8909613664115
7429120050323377451,697.7060039460545
7399074442372042015,299.5163826673326
7390950304927190303,255.87812846597845
7413979982831111467,980.6111867909873
7385032194659519790,16415.915113064704
7399130711396994350,45677.4820814463
7426131866073369902,216.2857899489398
7410977040255520030,3892.0935132589657
7403215844567993630,418.1190237706736
7415382715802914091,302.24907277167273
7424323460253355294,31.672375829725816
7401636916422233390,4008.918504456652
7424343569210625323,501.7573037518039
7410919058075323679,486.08928479298515
7417962335760862495,553.1247044641632
7414652824337894698,1204.8091669774672
7435505012756811051,2395.0406524198033
7426509863552830750,774.3684628678515
7384650426488163630,935.3464412388264
7429130221267471662,289346.6105447092
7417220970450275630,7219.949250538347
7433993027749694751,5832.232900160945
7411321398553005355,34725.9864521645
7422070036170313006,360.93414871239884
7399439888107490603,418.7741120601621
7387946037543030047,1541.3867421245436
7395347777754107178,2964.3006538073037
7394995129813077279,905.595581823732
7434688133653941534,3582.4446360694865
7395335796217171231,58099.38580032748
7393872571625655598,2032.1544504329006
7386820448887115039,1168.670149489399
7415773987801746731,668.4562743978252
7426127455632624926,18768.384123177148
7394593932732075294,426.24548955488933
7408399626933521695,207.29659036519053
7435450968231169323,521.2856163780662
7384958968801643819,274551.80797563546
7402440601930648862,953.1882283327781
7391684930637434142,302.14799173881704
7420628578267614507,532.851588639139
7400175078136237343,66147.6876439956
7390174496969313579,264.67710108780096
7415091474326392094,792.92146948052
7390949881034083614,928.3084506993014
7418407990132264235,2193.6592660355977
7402014563706703134,75.66256219336216
7409077490536451374,24470.496528063606
7397223601818193183,387.7901461593961
7420934047406345514,1779.8915040293036
7413973540946447647,1088.4060071428573
7397216429583387950,3831.2513563159064
7434351818521546026,769.5214226051727
7405811640848977194,127.07473701298701
7425835742619897130,429.92754782439766
7419116935801081119,387.15684053169053
7413927073997229343,1984.5846907314904
7415806527010884907,2051.4363066489077
7433223089904962862,20751.13747258296
7399477175247736107,380.5638931457432
7389762134814510367,233.83355856365856
7425061552123809055,324.0744106171605
7428789083301760287,2385.187087076646
7392799139525905706,220.49295519480526
7412041596411055402,403.4369076590076
7420634230360771871,185820.0423069986
7400547092852231466,3895.8826089466097
7422838420533185823,669.3884995837499
7394628134496111915,1291.3388102897095
7389759003435322655,331.2448289321789
7402811680847187230,899.2356766344767
7409089860654370091,474.5595441613942
7394296628699499806,4493.222712987012
7421026940259241258,250.4256764069263
7420219389502590254,10028.227459742293
7391702047705419051,323.95293746253753
7411376323433663790,820.6261359307371
7387568878630554911,615.372582079032
7414728041760361771,206.03852284382293
7411282557955902766,316071.21941790415
7406129827213970734,1907.9263221001208
7412479882413739294,290.2392979797978
7389833470991895854,508.8609108225108
7417682275447508270,889.3189484348987
7415829781188496683,235.0564395104895
7390575846794300714,5892.357627444779
7385734873874435358,63.410946969696965
7420532840263093546,42278.82906626709
7420253717339065646,327.1363340048838
7387619489321323819,318.8394359473859
7407987450754108702,4989.5651803030305
7405771667294702891,826.7624884726386
7409839206001921310,8685.166515295814
7426877895395511595,1202.2525383893894
7396847273331805470,6616.789699783557
7415098182683692318,67.7493235930736
7396132135070993695,17766.14150389611
7415062399251746090,1326.6064764402258
7410603768137436446,1468.6586790043295
7417236381262662958,757.107652286602
7395021725181709610,4613.551548945497
7389790968330849579,729.1404746975238
7396847794872585518,86867.94385842496
7404696080832711982,2418.792577611276
7409434203864960286,5468.356772510824
7412406045437332779,98.05260885780888
7384996826140675370,36341.12355838607
7384177529092951338,23427.96678172936
7402829820079377706,326.1566726384726
7434698104529636638,296.4146076506824
7414354779746520366,418.88563993228973
7426904506631195947,7319.948618459315
7433636212595821867,5817.745763444886
7397946877745941806,3452.4740216172713
7421323513392500014,20033.7503016428
7413602348443979051,514.3587896825394
7428420588592565534,592.8602822122318
7418775394477690142,889.5232559329555
7405074231429434666,2138.388808105457
7384244962147224863,228.84614223554212
7425098600004259103,274.5314795815294
7408029716524829982,86.72774731934726
7434306667946216750,301.020006177156
7400568327317376286,3584.0057050715627
7386105612838407454,170.25422764457744
7402764467605474603,237.58708768453766
7435144045095046431,797.9933893883899
7426892737326124330,853.9236516539017
7396900133901765931,282.43740071595107
7411662092454858027,126405.61425298586
7395048856699931934,2853.9602515318015
7415782991638646047,713.1996655122656
7405775275440622879,545.3754066378065
7417594077740272927,364.9904308080808
7434746174243949867,785.6565474580976
7397989392343633194,7771.690509795752
7400575752732757278,930.682608480409
7395727035122928938,10907.859018689638
7385040354476723502,258.9187553280052
7418359889262677291,17637.53798232323
7419476934427528490,43610.37376280389
7400546820079881515,332.76363703518706
7413904215707274539,465.5852685592186
7404998521616829742,728.9082441058939
7426577289946828078,1894.9564113164606
7403922131957927211,550.2744187312686
7407944191050829102,847.1278547064044
7403561005999197486,275.3804435064934
7389105842294918442,638.0262596070598
7422064119609560350,484.8329146464645
7421322222842858798,1016.3054467532464
7399130715872333063,382.67092780716
7409503720368688430,44833.45970880231
7395364013825150251,230.37779381174394
7413141517268749611,473.7484344155844
7397207203486256427,425.16887570207564
7396916759581723950,266.82653714879865
7387602190556286250,750.1590482683988
7415374934987361566,369.4420940614939
7393109796469181738,1323.6111735209236
7413586858757737770,709.3639922188927
7395030877329280287,5622.4343437285015
7420974792897056030,308.2248164002663
7392010755287158046,743.0757416916408
7404310282740305194,1601.8205520202023
7390523393218465067,166018.61059145298
7384628081870245166,3056.939429731055
7404271436468292910,203.3931378066378
7397182928503016734,413.23245463980464
7405423723009805599,499.3512092296594
7428453037666012447,918.0684370629373
7401715606006861099,300.1965474414475
7387194466446232874,297.406663025863
7401653302292712747,6823.7180071173925
7410067510256586014,22238.33546565658
7428046001941875998,385.2500491119991
7425790763197304107,2454.6419175324645
7397249940738641183,16236.76152448663
7407267518143810846,348.4116958152962
7398711093570424094,219.7315123210123
7433935270132731178,18.26886181041182
7421361063314165035,978.666885636586
7432884101369171242,492.2260055222554
7435062566386208042,135855.18281204905
7427984750708641054,644.3678500499499
7403553346818264351,750028.2336373244
7423624614137433375,533.2765104673106
7419826217752235307,370.4590760461757
7424366271946296606,299.4971161394162
7386823742179036447,344.98832167832165
7411296399871986987,668.7244922688424
7424660409610767658,2918.5402009268505
7427320815466630446,2225.815745554446
7390593407628102958,164.50068003662997
7384222971503643935,1000.0741002520358
7391274577176857898,298.705976090576
7398763861739851039,415.4827067099568
7419480557064572190,2934.332683028081
7433639541220625695,6226.711474708624
7405787979882450206,80.9979806360307
7393870462691921194,1567.9703678488177
7395712868814982431,208.18055384060412
7405396096056380702,259.1849786380286
7417253919266508062,191.50530815850811
7392809026574241067,909.7217873626377
7414345393607118110,1291.5936841741582
7399813193058536734,283.58510836385847
7391641386103180586,993.5664242868249
7384215709175303467,377.70585699855707
7420255519769726251,827.2129025974039
7407238514791714079,36744.35345012764
7403956966105632042,483.6527849927849
7397925631989910830,321.53382640137653
7426504778697428267,981.0115645021643
7422103375547780383,619.0182195637699
7405758071080865067,16409.857132961482
7424314072436346154,381.9478787712286
7434352135715753258,55847.102562665124
7427983673896471850,825.075570684871
7417995856667856159,504.19042295188484
7421364191363157279,189.07356317571313
7433621400809721118,534.2574790043292
7422799659157949738,73311.44779557106
7394503051006070058,23858.016094117025
7410608286975773994,339.1383264346763
7408705219636350238,342.86028387723394
7402475307711614239,497.23382338217345
7400953027705720095,21608.36762832167
7417667212971871531,402.9297514818512
7390583781482073390,140322.22835360747
7400991550794206510,264.8592834776336
7404670311439797512,93.52824119214121
7389030163775802670,408.1702647075148
7425412958114565419,8101.3773628094095
7393125863388106026,416.04826314036853
7393488937379007787,1671.6860560606062
7394981392234351914,888.0978533910543
7392408974978633006,283.3327558719061
7391295919955643691,286.3124709845707
7415389048744742174,421.2646797646797
7386433041842867498,20455.71514292928
7402104921715182890,747.006034643135
7420250489054399774,461.75413109668114
7405719824472771886,1417.7136516872006
7413515026398448942,391.70893766788765
7408693604736093486,266.91973516483523
7410577958945213742,1358.4300311688305
7387977599709973790,622.790546631147
7388339268659285279,4336.429181016043
7429488993735216430,329.1652687756691
7406111082701540639,786.6448656565663
7410638715850132766,1848.9679018814527
7398303833174052127,727.437880142081
7404676802074955038,664.15183003108
7413152220520189227,63.84506876456881
7385685381670309151,82713.45339905097
7398680462928907562,841.4007636474643
7415070418379361579,780.591506321457
7415379190825962794,2017.6803753191266
7418426771290197291,1854.7706525419003
7401366086882446622,57390.52114381795
7390132937213234478,715.0636727272728
7393863251278236958,289.2775763569764
7409156415337549086,357.9510977577977
7411687727206370565,19039.010310067704
7427650044528102702,10979.729927239438
7392028351105469738,9283.789143795091
7409113777397845278,1884.8676752525237
7425801710494289183,1677.4865351370854
7390971737870978335,968.0205488233988
7389042384044133675,3221.7163891108894
7408025601296157983,333.18590284715305
7428029867456793887,414.3090023088023
7395042696022199583,1086.552187590187
7426559630605585707,274.0497140803642
7422047759345290542,800.1843208014208
7387571071106452766,450.64719650349656
7412431829036272939,312.07490777392564
7419097685698907422,4588.2550345265845
7435054873424448799,2455.5962846401967
7399497723420020014,297.936826978577
7386832410144509226,4553.927935281381
7397607270172986654,563.2695070152072
7401283645484453150,41.853017099567104
7384986591766498606,349.6760521145523
7401326802653760811,382.877984054834
7390182466851458346,19217.21446046174
7433964973220547883,6675.973287035185
7411312175005961514,20793.058989005433
7409155770203245855,227.45836446886463
7428024565424590110,179.85457626262638
7421334057016904990,10165.804129109785
7414653124926835998,589.4530639582647
7396469033534573855,99.3644234099235
7385714775470214442,1107.2640077200574
7396153835502243078,617.9324884615386
7399830816072715563,437.72179511599495
7426201561354751262,265.2996882894882
7435116170954542378,2001.080955710955
7389018811032227118,10295.040829120873
7393164226103184686,245.88641329781322
7422847051060235563,329.2310290875791
7385739143155911967,852.5545235653241
7398715259399310623,263.92663009213015
7424286338498710814,188338.43869418334
7429548979001576734,566.7459426684425
7418706873316166954,14186.606892418693
7411011085492374826,307.78821980241963
7420569432470179102,583.2499754689757
7393495679752080682,268.26753220668223
7407591424826330411,83392.29029261296
7427331543414115626,43393.2327120768
7388735665803939118,338.7572310078814
7401705067717463338,378.21039704184716
7402465850764119342,1818.3313414862903
7404233930360081695,513.4584086968591
7425405465346968863,631288.6408273724
7384268286478961963,857.8040346653345
7394220417432489247,83030.61491153292
7418794472605060382,524.298930980131
7387264972746771743,415.48253803418766
7400627157136985387,708.971248174048
7398690626209877290,4289.403532900429
7396508112410234143,14816.471636652228
7386822923509681450,13108.715195182589
7413887679235902750,944.0939799256295
7423543226662997278,918.6908544733047
7403501553912532270,44972.19466725495
7400200043073948971,1164.3868758075255
7419462744371662126,1508.2085646464657
7394985085138685214,193.00274181374195
7389442116524576006,4844.300433355531
7389426539928014122,1287.498403737929
7433243865911397663,275552.8655221833
7396091979941055790,1503.9962190476188
7389810738694491423,8204.600433616379
7393182645661846827,1323.03268919414
7403180293621878058,1982.932344155844
7391642736333507870,821.373454795205
7415075881254800671,305.021603063603
7403205645500992810,3706.0111353535326
7386821720834903342,298.912527888778
7429117403713277215,832.1220463425464
7393885728083545374,686.4557746364752
7407673307933199646,10828.239940143189
7401263255882157354,402586.02929776337
7417646560625937707,476.80275580530554
7387982409435761963,690.6085033283707
7423197632501239082,1339.7983792984796
7392405826482441502,30750.6276810634
7409098773156138282,47808.29401134419
7402400321349094687,284.4592015040516
7404985500823604522,14641.4142478022
7390141646425378078,386.05619473304426
7409099055852440878,552.3556754911749
7402811882513501470,578.9325042957048
7429139506273570079,1371.904347030747
7404990186536389918,14509.616971739377
7429141481102871838,822.6379887667888
7403536376764976415,474.734785714286
7432846600185171242,2316.080048884447
7399093323484482846,2398.2475563852813
7397940252259781931,331.9027287046289
7435467370174663982,1861.0411897102895
7395751963989789982,2022.1391847485843
7410872449270566175,583.0152928571432
7384955766727314719,516.7253824675325
7402452533760871710,505.67013693528736
7400985690684591402,8663.889866522362
7396915547872464170,25520.66290650459
7395781228487593246,245.09465501165514
7397558528992398623,790.5722120601624
7396084910055804206,267678.7787129869
7411284322440826154,516.8928383116886
7388684143795719466,840.1735577922077
7406527129829084447,1330.8874419635938
7402075471078346015,29297.960217288277
7415766063951924523,445.88073679653667
7394254935401041182,251.0417400876902
7433290902900051231,58.79506898101894
7433291301946215710,258.1073540404042
7390885619674778910,615.607317710068
7387927824692284714,1454.074398323898
7395797910517992747,446.4175171106671
7395707047188139294,829.895894633145
7427621655494610222,1016.61742061827
7409454663973522719,285.43547170607184
7422058982417763614,811.386733954934
7400568243666210094,5959.137757126205
7396880238975651102,237.40900001110003
7426553863844547871,462.73869365079423
7412415480448699679,309.5081602064601
7418010790654938398,12498.163984237988
7408398515107286303,1177.726312620713
7392411611270565150,3142.9176474025994
7420236162209729838,1367.9769291486289
7407579149717507370,897698.5471377955
7404645857737329951,161.0431857142858
7402388655412907310,440.34792417027404
7427668420923018539,270.5332107392606
7393871185320234271,6222.441664907322
7405781010484333855,11613.98360569985
7420661047238888746,460.47771868686846
7397558101219560710,787.4856989232989
7425822115888139566,2739.0925038572527
7395333920432180486,471.8974925962926
7404271536078605574,7057.604914274613
7404628338523819294,15301.526560101018
7402378671798914334,892.4939990342995
7405385756845296927,444.4003374680877
7432898291513265450,2401.0585562770575
7397193857647021354,12843.99529395049
7423256022145355013,308.93654790764765
7396889460236930334,436.32027875457925
7426212771651570990,2491.2981770562783
7386080345180884255,478.3744408424909
7393848827318390046,228.22361626706623
7425762074661326123,698.6474892940395
7399079724623957278,376.59755916305915
7422084993142361387,293.63320251415246
7391299849964244270,413493.0809572705
7397238971648019742,2153.949614935065
7393132932124364078,153.17907849927843
7413891095492332846,1072.3922597180594
7395726327942303006,384.72309076479047
7428439199319133471,27095.938089249656
7398675865569135915,447.71286199356234
7432846427950157099,30581.815529698073
7390519295307975967,340.780130846931
7421780641076792607,5616.290751670548
7414318888621591851,51703.002716905336
7419883383829908782,807.4132112498613
7429098654780247327,734.6811738428241
7386471720183532830,580.5113551393046
7434768870398905642,1586.9073654900644
7406094288574090539,1208.678016594517
7390157210262752554,2550.4696790709318
7390539514910887211,32073.64519240758
7397941061592567082,6624.305531762679
7390958580263816491,46519.31822687867
7400231177900002602,1033362.5962598685
7408393297476980010,191107.5831251082
7400909681876553003,487.65132091797136
7398009986967751966,45.49941368631367
7386092848254340394,8844.584716577865
7415766593763937566,582.7627640304139
7413206594357415211,2006.8562266844265
7410547298008091935,311.1762167388167
7405439946170846495,277.42378607503605
7409526103712222495,4205.007935098235
7410202833171074324,2155.586857720058
7414655896195763487,190.04592580197593
7434012629510704415,2006.4207300421804
7404303508939296005,331.05757767787776
7414640331418766623,54735.36997040181
7385753698322107694,305.07610976245985
7396450490755599646,5403.255340104343
7394227114775711022,455.099703157953
7408706357488127262,15727.43126003995
7402665178577243423,904738.5939183984
